device,impl,matrix_type,m,n,k,mblk,nblk,kblk,mmk,nmk,time_ms_mean,time_ms_std,time_ms_min,time_ms_max,gflops_mean,gflops_std,gflops_min,gflops_max
macbook-m4-pro,01-naive,banded,128,128,128,256,512,512,16,8,13.0926862,0.6444646214671951,10.646542,13.78225,0.32120793333333336,0.017986356405732172,0.304327,0.393959
macbook-m4-pro,01-naive,banded,256,256,256,256,512,512,16,8,82.6677014,1.9317593115634342,80.459333,91.934333,0.40609293333333335,0.008755304165469357,0.364983,0.417036
macbook-m4-pro,01-naive,banded,512,512,512,256,512,512,16,8,660.4859666,5.456247000847588,653.572709,673.900125,0.40644766666666665,0.0033294108035582825,0.398331,0.41072
macbook-m4-pro,01-naive,banded,1024,1024,1024,256,512,512,16,8,5294.9335403000005,29.081881621876352,5251.177208,5368.657834,0.40558506666666666,0.0022234283396613415,0.400004,0.408953
macbook-m4-pro,01-naive,block_sparse,128,128,128,256,512,512,16,8,13.306433433333332,0.7549536538428947,10.32675,14.913375,0.3163399,0.020786190811159483,0.281244,0.406159
macbook-m4-pro,01-naive,block_sparse,256,256,256,256,512,512,16,8,85.69906246666666,0.6178377103122191,84.801791,87.810333,0.3915573666666667,0.002799004693585323,0.382124,0.395681
macbook-m4-pro,01-naive,block_sparse,512,512,512,256,512,512,16,8,709.7022167666667,5.042937713379513,703.363583,727.678958,0.3782550333333334,0.002658574293622909,0.368893,0.381645
macbook-m4-pro,01-naive,block_sparse,1024,1024,1024,256,512,512,16,8,5779.536977666667,23.84389032188048,5734.572833,5858.681333,0.37157273333333335,0.0015262645618121563,0.366547,0.37448
macbook-m4-pro,01-naive,dense_no_zero,128,128,128,256,512,512,16,8,12.069863999999999,1.1756574072332528,9.9985,13.534625,0.35092803333333333,0.036446171458252866,0.309894,0.419493
macbook-m4-pro,01-naive,dense_no_zero,256,256,256,256,512,512,16,8,80.56067490000001,0.525674738005476,80.018875,82.288958,0.4165282666666667,0.0026919387953965295,0.407763,0.419331
macbook-m4-pro,01-naive,dense_no_zero,512,512,512,256,512,512,16,8,655.7502499666666,4.67964769569934,650.928667,666.095084,0.40937629999999997,0.002896340213275097,0.402999,0.412388
macbook-m4-pro,01-naive,dense_no_zero,1024,1024,1024,256,512,512,16,8,5213.615825,23.62047660445805,5176.343667,5283.357375,0.41190730000000003,0.0018615548034390157,0.406462,0.414865
macbook-m4-pro,01-naive,diagonal,128,128,128,256,512,512,16,8,10.777758366666665,0.7910831903783608,10.152125,12.903584,0.3909550333333333,0.025294011517630475,0.32505,0.413145
macbook-m4-pro,01-naive,diagonal,256,256,256,256,512,512,16,8,81.07209303333335,2.365653681707016,79.126458,93.16525,0.4141852333333333,0.010690682442276982,0.36016,0.424061
macbook-m4-pro,01-naive,diagonal,512,512,512,256,512,512,16,8,657.2239485666666,5.794084552111248,651.928666,680.121125,0.4084684,0.0035253753197110075,0.394688,0.411756
macbook-m4-pro,01-naive,diagonal,1024,1024,1024,256,512,512,16,8,5318.153095766666,43.264916930527356,5250.797667,5403.221709,0.4038283,0.003279205224882466,0.397445,0.408982
macbook-m4-pro,01-naive,random_dense,128,128,128,256,512,512,16,8,10.937413966666666,0.93142654070989,10.00075,13.416542,0.3860037,0.030740346353634006,0.312622,0.419399
macbook-m4-pro,01-naive,random_dense,256,256,256,256,512,512,16,8,81.28288886666665,2.052001305847936,79.330708,87.997125,0.4130512,0.009867803743348435,0.381313,0.422969
macbook-m4-pro,01-naive,random_dense,512,512,512,256,512,512,16,8,654.5233153333334,4.884968981150189,647.931292,672.101916,0.4101453333333333,0.0030178277222067547,0.399397,0.414296
macbook-m4-pro,01-naive,random_dense,1024,1024,1024,256,512,512,16,8,5310.1611778,20.608880765412223,5272.288458,5351.730958,0.4044161333333333,0.0015681501892650307,0.401269,0.407315
macbook-m4-pro,01-naive,random_sparse,128,128,128,256,512,512,16,8,13.556802733333333,0.25306855696212455,12.962333,13.875667,0.30949366666666667,0.005887325956624129,0.302278,0.323576
macbook-m4-pro,01-naive,random_sparse,256,256,256,256,512,512,16,8,89.0032179,2.3720004541602075,87.060833,100.67425,0.37723656666666666,0.009095142381715549,0.333297,0.385414
macbook-m4-pro,01-naive,random_sparse,512,512,512,256,512,512,16,8,727.7750125666666,8.148438632658143,720.523083,755.587084,0.3688879,0.004049151484975074,0.355267,0.372556
macbook-m4-pro,01-naive,random_sparse,1024,1024,1024,256,512,512,16,8,5893.6377790999995,25.32425676710346,5858.367792,5967.537875,0.36437976666666666,0.0015577578644859467,0.359861,0.366567
macbook-m4-pro,02-coded,banded,128,128,128,256,512,512,16,8,0.3211751,0.023149139536179676,0.288875,0.419959,13.114072966666667,0.7921984865078598,9.987413,14.519443
macbook-m4-pro,02-coded,banded,256,256,256,256,512,512,16,8,1.9257042,0.12341208126390894,1.786542,2.561542,17.4782755,0.8714430991262381,13.09931,18.781776
macbook-m4-pro,02-coded,banded,512,512,512,256,512,512,16,8,13.143534666666666,0.12576133937558162,12.879958,13.361458,20.425197466666667,0.196069338386429,20.090282,20.84133
macbook-m4-pro,02-coded,banded,1024,1024,1024,256,512,512,16,8,101.16992213333333,2.314822984265459,100.106834,113.320209,21.2361547,0.43643380693827016,18.95058,21.451919
macbook-m4-pro,02-coded,block_sparse,128,128,128,256,512,512,16,8,0.3283972333333333,0.01816086913969692,0.2965,0.416583,12.803808066666667,0.598555097186546,10.068351,14.146051
macbook-m4-pro,02-coded,block_sparse,256,256,256,256,512,512,16,8,1.9485235,0.030003415740890053,1.892667,2.064125,17.224297166666666,0.2592774106435143,16.256008,17.728651
macbook-m4-pro,02-coded,block_sparse,512,512,512,256,512,512,16,8,13.375334733333334,0.1331168891673087,12.992875,13.667417,20.07136716666667,0.20052302227512653,19.64054,20.660205
macbook-m4-pro,02-coded,block_sparse,1024,1024,1024,256,512,512,16,8,101.5871583,2.703380551817659,100.261083,115.708333,21.152138100000002,0.49833953995653735,18.559455,21.418915
macbook-m4-pro,02-coded,dense_no_zero,128,128,128,256,512,512,16,8,0.32677223333333333,0.017495667041285988,0.289125,0.406666,12.8669993,0.6134064007490241,10.313879,14.506888
macbook-m4-pro,02-coded,dense_no_zero,256,256,256,256,512,512,16,8,1.9930915666666666,0.2814129902089152,1.862917,3.3875,17.0420346,1.5275811144948799,9.905367,18.01177
macbook-m4-pro,02-coded,dense_no_zero,512,512,512,256,512,512,16,8,13.288377700000002,0.14899978695544822,12.920208,13.51075,20.2032377,0.2277226324239189,19.868287,20.776404
macbook-m4-pro,02-coded,dense_no_zero,1024,1024,1024,256,512,512,16,8,101.14830263333333,2.4033431139944454,100.096833,113.797458,21.241399966666666,0.4510968591490116,18.871104,21.454062
macbook-m4-pro,02-coded,diagonal,128,128,128,256,512,512,16,8,0.3366875,0.09984083762280908,0.30725,0.863792,12.898229166666665,1.548233433880449,4.855687,13.651111
macbook-m4-pro,02-coded,diagonal,256,256,256,256,512,512,16,8,1.9071012666666667,0.05522960666534931,1.834667,2.105792,17.6078296,0.4775765065705287,15.934352,18.289113
macbook-m4-pro,02-coded,diagonal,512,512,512,256,512,512,16,8,13.129208299999998,0.2608707256957836,12.822333,14.367875,20.4529521,0.379387288549109,18.683031,20.934993
macbook-m4-pro,02-coded,diagonal,1024,1024,1024,256,512,512,16,8,101.4995583,2.431137704442712,100.279375,112.656167,21.168355366666667,0.4661582462780199,19.062282,21.415008
macbook-m4-pro,02-coded,random_dense,128,128,128,256,512,512,16,8,0.3193971333333333,0.015573195948506355,0.295208,0.38775,13.158840966666666,0.5736214403237877,10.817032,14.207962
macbook-m4-pro,02-coded,random_dense,256,256,256,256,512,512,16,8,1.9180110666666665,0.029560587011731747,1.839625,1.992,17.4984328,0.2715113533270311,16.844594,18.239822
macbook-m4-pro,02-coded,random_dense,512,512,512,256,512,512,16,8,13.271647266666667,0.14714719881944469,12.827916,13.471167,20.228666266666668,0.22687681792244882,19.926667,20.925882
macbook-m4-pro,02-coded,random_dense,1024,1024,1024,256,512,512,16,8,101.49673609999999,5.185374479084097,98.908458,124.292083,21.203883800000003,0.9274622937398223,17.277719,21.71183
macbook-m4-pro,02-coded,random_sparse,128,128,128,256,512,512,16,8,0.3162418,0.012520870528290234,0.285458,0.33475,13.284014,0.5504663563554462,12.529661,14.693244
macbook-m4-pro,02-coded,random_sparse,256,256,256,256,512,512,16,8,1.9294361,0.014411775772634377,1.888833,1.961916,17.391739833333336,0.1305539477676943,17.102889,17.764637
macbook-m4-pro,02-coded,random_sparse,512,512,512,256,512,512,16,8,13.197906833333333,0.10155517626804278,12.926875,13.446625,20.340412599999997,0.1570261428127882,19.963036,20.765688
macbook-m4-pro,02-coded,random_sparse,1024,1024,1024,256,512,512,16,8,100.68086666666666,0.5651356207327485,100.151584,103.376708,21.330246966666667,0.11734630515302936,20.77338,21.442333
macbook-m4-pro,03-blocked,banded,128,128,128,256,512,512,16,8,0.19664306666666667,0.0026780722471433723,0.191792,0.204292,21.333335266666666,0.28918863972774106,20.530926,21.869025
macbook-m4-pro,03-blocked,banded,256,256,256,256,512,512,16,8,1.3810305,0.023631614229379434,1.324042,1.42575,24.303650100000002,0.42251543610237796,23.534583,25.342423
macbook-m4-pro,03-blocked,banded,512,512,512,256,512,512,16,8,10.1109582,0.10872203136261711,9.923917,10.347958,26.551915033333334,0.2840076041929383,25.940911,27.049345
macbook-m4-pro,03-blocked,banded,1024,1024,1024,256,512,512,16,8,81.58209723333333,2.0674786897641484,80.708709,92.425292,26.3375064,0.5932042781810637,23.234805,26.60783
macbook-m4-pro,03-blocked,block_sparse,128,128,128,256,512,512,16,8,0.2194237,0.145522969912716,0.173584,0.988459,21.20707183333333,3.3751938384646274,4.243276,24.162964
macbook-m4-pro,03-blocked,block_sparse,256,256,256,256,512,512,16,8,1.3743486333333335,0.03246326665365697,1.24725,1.4335,24.4286145,0.6062365897205337,23.407347,26.902732
macbook-m4-pro,03-blocked,block_sparse,512,512,512,256,512,512,16,8,10.105884766666666,0.08307522746435315,9.963917,10.255041,26.564028800000003,0.21866051560974012,26.175952,26.940756
macbook-m4-pro,03-blocked,block_sparse,1024,1024,1024,256,512,512,16,8,82.55904726666667,4.14794757067069,80.646208,95.675667,26.067884066666668,1.1614625741367977,22.445453,26.628452
macbook-m4-pro,03-blocked,dense_no_zero,128,128,128,256,512,512,16,8,0.19766946666666665,0.011177717627535572,0.174041,0.229833,21.283337266666667,1.188255304088626,18.249355,24.099517
macbook-m4-pro,03-blocked,dense_no_zero,256,256,256,256,512,512,16,8,1.3798874666666667,0.03253749413738296,1.283958,1.416792,24.330317966666666,0.5937615320576212,23.683386,26.13359
macbook-m4-pro,03-blocked,dense_no_zero,512,512,512,256,512,512,16,8,10.127198633333334,0.06372632023631164,10.041625,10.272625,26.5073981,0.1660569086671586,26.131145,26.732273
macbook-m4-pro,03-blocked,dense_no_zero,1024,1024,1024,256,512,512,16,8,81.76034299999999,2.8967410706151293,80.646916,96.946709,26.292745933333332,0.7931765652878233,22.151176,26.628218
macbook-m4-pro,03-blocked,diagonal,128,128,128,256,512,512,16,8,0.19761246666666665,0.0057786105640175054,0.180958,0.2085,21.242976066666664,0.640546115689919,20.116566,23.178329
macbook-m4-pro,03-blocked,diagonal,256,256,256,256,512,512,16,8,1.3786360333333334,0.02323896159393464,1.309917,1.405667,24.3457454,0.4225182022254594,23.870826,25.615693
macbook-m4-pro,03-blocked,diagonal,512,512,512,256,512,512,16,8,10.207499966666667,0.13568517241596678,10.012083,10.683125,26.302266433333333,0.34261235115372196,25.127054,26.81115
macbook-m4-pro,03-blocked,diagonal,1024,1024,1024,256,512,512,16,8,81.50244306666667,2.6811195675522272,80.358917,95.616541,26.3723892,0.7450042280057483,22.459332,26.723651
macbook-m4-pro,03-blocked,random_dense,128,128,128,256,512,512,16,8,0.20012633333333335,0.008973995036745924,0.192625,0.231292,20.995264233333334,0.8544574224649787,18.134237,21.774453
macbook-m4-pro,03-blocked,random_dense,256,256,256,256,512,512,16,8,1.3788319,0.021295533377148373,1.340375,1.436542,24.341000633333334,0.37492993605973546,23.35778,25.033615
macbook-m4-pro,03-blocked,random_dense,512,512,512,256,512,512,16,8,10.142270733333334,0.22317120951643787,9.919458,11.214042,26.47847193333333,0.5399020604564301,23.93744,27.061504
macbook-m4-pro,03-blocked,random_dense,1024,1024,1024,256,512,512,16,8,81.7587014,2.966553233421068,80.667167,97.351833,26.294460033333333,0.8082808224063984,22.058996,26.621533
macbook-m4-pro,03-blocked,random_sparse,128,128,128,256,512,512,16,8,0.20237226666666666,0.02437017139714937,0.182792,0.325917,20.91816126666667,1.6689226132566828,12.86924,22.945774
macbook-m4-pro,03-blocked,random_sparse,256,256,256,256,512,512,16,8,1.3781332666666666,0.027810527140949205,1.317959,1.467583,24.357246933333332,0.4876780556846991,22.863737,25.45939
macbook-m4-pro,03-blocked,random_sparse,512,512,512,256,512,512,16,8,10.095651333333334,0.08604430611963375,9.9385,10.253125,26.5910851,0.22685924525472034,26.180843,27.009655
macbook-m4-pro,03-blocked,random_sparse,1024,1024,1024,256,512,512,16,8,81.7226597,3.115402436264897,80.03125,97.7665,26.30906913333333,0.8518368036639392,21.965434,26.833064
macbook-m4-pro,04-neon,banded,128,128,128,256,512,512,16,8,0.19891526666666665,0.02250193209012297,0.172584,0.30075,21.2858895,1.8675171190274538,13.946148,24.302971
macbook-m4-pro,04-neon,banded,256,256,256,256,512,512,16,8,1.3365985999999999,0.02583480574141306,1.270084,1.381,25.1135659,0.49364613430824306,24.297199,26.419065
macbook-m4-pro,04-neon,banded,512,512,512,256,512,512,16,8,9.9093486,0.081731136399024,9.703375,10.073916,27.090898900000003,0.22410509164049916,26.646585,27.664133
macbook-m4-pro,04-neon,banded,1024,1024,1024,256,512,512,16,8,79.45949583333332,0.2535406978407859,78.898458,79.919041,27.026408733333334,0.08637327887877819,26.870738,27.218322
macbook-m4-pro,04-neon,block_sparse,128,128,128,256,512,512,16,8,0.1980654,0.006230843235123931,0.184167,0.215167,21.196718733333334,0.6705512686039816,19.493249,22.77446
macbook-m4-pro,04-neon,block_sparse,256,256,256,256,512,512,16,8,1.3476625333333334,0.021999706508596114,1.30175,1.390166,24.9046588,0.4065241084042736,24.136997,25.776403
macbook-m4-pro,04-neon,block_sparse,512,512,512,256,512,512,16,8,9.901686133333333,0.08528787084187411,9.72,10.059292,27.112022033333332,0.23382950966233862,26.685323,27.616816
macbook-m4-pro,04-neon,block_sparse,1024,1024,1024,256,512,512,16,8,79.62292086666666,0.2945943692052379,78.8335,80.172708,26.971029233333336,0.09999921108677849,26.785719,27.24075
macbook-m4-pro,04-neon,dense_no_zero,128,128,128,256,512,512,16,8,0.19884996666666668,0.012227699395883597,0.175625,0.229375,21.1675293,1.2626847922746196,18.285794,23.882158
macbook-m4-pro,04-neon,dense_no_zero,256,256,256,256,512,512,16,8,1.3441723,0.03609550523278967,1.284833,1.457333,24.979881,0.6550024431518531,23.024547,26.115792
macbook-m4-pro,04-neon,dense_no_zero,512,512,512,256,512,512,16,8,9.958591633333333,0.10369908288374523,9.823083,10.151625,26.957975033333334,0.2794070142460556,26.44261,27.327007
macbook-m4-pro,04-neon,dense_no_zero,1024,1024,1024,256,512,512,16,8,79.5438611,0.38940356033336077,78.699583,80.633292,26.998102633333335,0.13199081155205908,26.632717,27.287103
macbook-m4-pro,04-neon,diagonal,128,128,128,256,512,512,16,8,0.19356399999999999,0.00883135948842494,0.173083,0.206334,21.715264233333336,1.053997393076757,20.32774,24.232906
macbook-m4-pro,04-neon,diagonal,256,256,256,256,512,512,16,8,1.3338861,0.032949563658196096,1.258375,1.433958,25.170214833333333,0.6212863731865651,23.399871,26.664891
macbook-m4-pro,04-neon,diagonal,512,512,512,256,512,512,16,8,9.926837566666666,0.07733885042959496,9.720334,10.0915,27.042981100000002,0.21168647239227678,26.600154,27.615868
macbook-m4-pro,04-neon,diagonal,1024,1024,1024,256,512,512,16,8,79.54684723333334,0.31615883191148253,78.937958,80.022083,26.996877166666664,0.1073761063619568,26.836138,27.204702
macbook-m4-pro,04-neon,random_dense,128,128,128,256,512,512,16,8,0.19884156666666666,0.009167461193633795,0.17425,0.223125,21.136207300000002,0.9580674876454073,18.798001,24.070611
macbook-m4-pro,04-neon,random_dense,256,256,256,256,512,512,16,8,1.3501888666666666,0.022333121372917666,1.287417,1.380875,24.8583454,0.4183352664777466,24.299399,26.063375
macbook-m4-pro,04-neon,random_dense,512,512,512,256,512,512,16,8,10.330494366666667,2.356669761719197,9.709791,22.798208,26.604204066666668,2.81267987251633,11.77441,27.645853
macbook-m4-pro,04-neon,random_dense,1024,1024,1024,256,512,512,16,8,79.75206806666667,0.3731880487012482,79.197375,80.8585,26.927564,0.1254999325519806,26.558539,27.115591
macbook-m4-pro,04-neon,random_sparse,128,128,128,256,512,512,16,8,0.19610286666666665,0.003588890114989771,0.186,0.203125,21.39526803333333,0.39487826523324915,20.648881,22.550022
macbook-m4-pro,04-neon,random_sparse,256,256,256,256,512,512,16,8,1.3241889333333332,0.03471859091663692,1.271,1.394875,25.356367566666666,0.6613806899842535,24.055512,26.400025
macbook-m4-pro,04-neon,random_sparse,512,512,512,256,512,512,16,8,9.930255533333334,0.10862305955085483,9.621875,10.126958,27.035230966666667,0.2981022013895146,26.507018,27.898456
macbook-m4-pro,04-neon,random_sparse,1024,1024,1024,256,512,512,16,8,79.6039431,0.376168219483797,79.194792,81.10925,26.977677733333334,0.12617872639726926,26.476433,27.116476
macbook-m4-pro,05-final,banded,128,128,128,256,512,512,16,8,0.2497194666666667,0.012196238633660606,0.220833,0.294625,16.8340163,0.809972597569272,14.236076,18.993103
macbook-m4-pro,05-final,banded,256,256,256,256,512,512,16,8,1.6115445666666666,0.03600394688965823,1.556125,1.708291,20.83106186666667,0.4528199718908421,19.642105,21.562813
macbook-m4-pro,05-final,banded,512,512,512,256,512,512,16,8,11.130209633333333,0.10184109300260058,10.878125,11.354667,24.119695566666667,0.22157608686481226,23.64098,24.676629
macbook-m4-pro,05-final,banded,1024,1024,1024,256,512,512,16,8,84.2439333,3.730987317726087,82.441333,99.679708,25.533794366666665,0.9945772761124574,21.54384,26.048628
macbook-m4-pro,05-final,block_sparse,128,128,128,256,512,512,16,8,0.2434888,0.012697511171824997,0.215958,0.257292,17.274141233333335,0.9585085200337494,16.301727,19.421851
macbook-m4-pro,05-final,block_sparse,256,256,256,256,512,512,16,8,1.5941791333333335,0.024714790908214906,1.526875,1.62525,21.053090066666666,0.3334485572169476,20.645705,21.975887
macbook-m4-pro,05-final,block_sparse,512,512,512,256,512,512,16,8,11.118847266666668,0.08707722408019565,10.895,11.325584,24.1438154,0.18939622669376205,23.701688,24.638408
macbook-m4-pro,05-final,block_sparse,1024,1024,1024,256,512,512,16,8,85.50527346666667,0.6788480871202922,84.697167,88.478875,25.116713366666666,0.1947591390586357,24.271145,25.354846
macbook-m4-pro,05-final,dense_no_zero,128,128,128,256,512,512,16,8,0.24539576666666668,0.006519960718536918,0.220875,0.254958,17.104443699999997,0.48502000699751807,16.450961,18.989492
macbook-m4-pro,05-final,dense_no_zero,256,256,256,256,512,512,16,8,1.7100513666666666,0.5978915093662973,1.535875,4.868625,20.4999545,2.6190383124981227,6.891973,21.847111
macbook-m4-pro,05-final,dense_no_zero,512,512,512,256,512,512,16,8,11.109325133333334,0.05570068590658808,11.008167,11.196,24.1636627,0.12127856857583486,23.976014,24.385118
macbook-m4-pro,05-final,dense_no_zero,1024,1024,1024,256,512,512,16,8,86.34928323333334,2.5738257713757235,85.537875,99.913208,24.888322366666667,0.6452277679319511,21.493491,25.105646
macbook-m4-pro,05-final,diagonal,128,128,128,256,512,512,16,8,0.24850703333333335,0.009487576986133818,0.221792,0.286375,16.900949333333333,0.6253254126029556,14.646195,18.91098
macbook-m4-pro,05-final,diagonal,256,256,256,256,512,512,16,8,1.6137096666666666,0.028889951930986472,1.550041,1.728084,20.799613866666668,0.3621934644101552,19.41713,21.647448
macbook-m4-pro,05-final,diagonal,512,512,512,256,512,512,16,8,11.219607,0.07432905621904388,11.006417,11.378792,23.9265862,0.15920246961292767,23.590857,24.388996
macbook-m4-pro,05-final,diagonal,1024,1024,1024,256,512,512,16,8,83.0303944,0.32145860126054654,82.209917,83.645833,25.8642008,0.10021932380238358,25.673528,26.121954
macbook-m4-pro,05-final,random_dense,128,128,128,256,512,512,16,8,0.250025,0.01155775403250398,0.22,0.277416,16.810071433333334,0.7755654627474949,15.119186,19.065018
macbook-m4-pro,05-final,random_dense,256,256,256,256,512,512,16,8,1.5928292333333334,0.03376925699373903,1.509625,1.659084,21.075218566666667,0.45331330538865866,20.224673,22.226998
macbook-m4-pro,05-final,random_dense,512,512,512,256,512,512,16,8,11.181627733333332,0.22917108873487152,10.896541,12.28775,24.015898266666667,0.457974045390237,21.845778,24.634924
macbook-m4-pro,05-final,random_dense,1024,1024,1024,256,512,512,16,8,86.02970416666668,0.41623768468873595,85.294375,86.809583,24.962683266666666,0.12079534541527476,24.737864,25.177319
macbook-m4-pro,05-final,random_sparse,128,128,128,256,512,512,16,8,0.247743,0.010846526747432042,0.221458,0.286709,16.960670966666665,0.7270035951854129,14.629133,18.939501
macbook-m4-pro,05-final,random_sparse,256,256,256,256,512,512,16,8,1.5936375,0.028239617084624344,1.514583,1.649042,21.061737166666667,0.3789746840659712,20.347833,22.154238
macbook-m4-pro,05-final,random_sparse,512,512,512,256,512,512,16,8,11.141962366666666,0.08954768042798945,10.957125,11.344,24.093799966666666,0.1935937700077831,23.66321,24.498713
macbook-m4-pro,05-final,random_sparse,1024,1024,1024,256,512,512,16,8,86.72650143333334,3.0865431165453536,85.596583,102.967541,24.787328166666665,0.749121819672465,20.855928,25.088427
rpi,01-naive,banded,128,128,128,128,256,256,16,8,11.921182033333334,3.343006006044967,9.730676,19.509722,0.37426596666666667,0.08340692627506437,0.214985,0.431039
rpi,01-naive,banded,256,256,256,128,256,256,16,8,76.36961473333332,0.03372448854440149,76.330942,76.459329,0.4393689666666667,0.00019383755789466531,0.438853,0.439591
rpi,01-naive,banded,512,512,512,128,256,256,16,8,605.7193924999999,5.413427477033726,604.576644,634.374409,0.4432007333333334,0.003788023412640504,0.42315,0.444006
rpi,01-naive,block_sparse,128,128,128,128,256,256,16,8,16.421606633333333,0.7308912821109754,15.325777,17.323223,0.2559126,0.011595524298862785,0.24212,0.273676
rpi,01-naive,block_sparse,256,256,256,128,256,256,16,8,84.27694756666666,0.44647973562453663,83.349715,85.474456,0.3981555666666666,0.002105818846112758,0.392567,0.402574
rpi,01-naive,block_sparse,512,512,512,128,256,256,16,8,695.3555190000001,2.9885268192176833,688.956502,704.085126,0.38604746666666667,0.0016554183080758397,0.381254,0.389626
rpi,01-naive,dense_no_zero,128,128,128,128,256,256,16,8,9.818198733333332,0.022318286145628648,9.790009,9.903879,0.4271989666666667,0.0009673117560193983,0.423501,0.428427
rpi,01-naive,dense_no_zero,256,256,256,128,256,256,16,8,79.83110793333334,0.12691604310939836,79.583691,80.143001,0.4203187666666667,0.0006677116703432959,0.418682,0.421624
rpi,01-naive,dense_no_zero,512,512,512,128,256,256,16,8,692.6289683333333,1.0742484539412431,690.771559,694.645595,0.3875611,0.0006011555166281102,0.386435,0.388602
rpi,01-naive,diagonal,128,128,128,128,256,256,16,8,9.636796566666668,0.008182748693749476,9.624695,9.655436,0.43523870000000003,0.00036949631606581076,0.434398,0.435786
rpi,01-naive,diagonal,256,256,256,128,256,256,16,8,75.92220506666666,0.07987499118598254,75.834352,76.264793,0.44195866666666667,0.00046357712101270605,0.439973,0.44247
rpi,01-naive,diagonal,512,512,512,128,256,256,16,8,602.8290492666667,0.14927905818387882,602.534622,603.116821,0.4452928,0.00011022653788981258,0.44508,0.44551
rpi,01-naive,random_dense,128,128,128,128,256,256,16,8,9.942833400000001,0.025444291437000756,9.883396,9.990137,0.4218446,0.0010800289778998848,0.419844,0.424379
rpi,01-naive,random_dense,256,256,256,128,256,256,16,8,82.05663863333334,0.1254929871035502,81.788931,82.364018,0.4089188,0.0006247570231146267,0.407392,0.410256
rpi,01-naive,random_dense,512,512,512,128,256,256,16,8,718.9129147333333,0.9109663562281562,717.070912,720.712922,0.37339136666666667,0.00047309374177401613,0.372458,0.37435
rpi,01-naive,random_sparse,128,128,128,128,256,256,16,8,10.959817833333334,0.03854021193424813,10.878666,11.063628,0.38270286666666664,0.001342748743624707,0.379107,0.385553
rpi,01-naive,random_sparse,256,256,256,128,256,256,16,8,89.90172596666666,0.1737436551320741,89.436273,90.180544,0.3732359333333333,0.0007220616524127769,0.372081,0.375177
rpi,01-naive,random_sparse,512,512,512,128,256,256,16,8,736.1879690000001,0.8364152655485873,734.363421,737.955966,0.3646294,0.0004142998747367777,0.363755,0.365535
rpi,02-coded,banded,128,128,128,128,256,256,16,8,0.4488396333333334,0.002759868268762036,0.444677,0.457121,9.345110166666666,0.056903285789064846,9.175479,9.432249
rpi,02-coded,banded,256,256,256,128,256,256,16,8,5.4735501,0.19301032544996147,4.986758,5.640468,6.138248966666667,0.2335997241159925,5.948874,6.728707
rpi,02-coded,banded,512,512,512,128,256,256,16,8,18.729141966666667,0.01618656165590048,18.711188,18.794538,14.332511833333333,0.01236192660211569,14.282631,14.346254
rpi,02-coded,block_sparse,128,128,128,128,256,256,16,8,0.8464932,0.40798245983108233,0.466714,1.477361,6.2098390666666665,2.7233195558514787,2.839052,8.986883
rpi,02-coded,block_sparse,256,256,256,128,256,256,16,8,5.4791033,0.282696988444146,5.146866,5.762299,6.139995533333333,0.3192493040533265,5.823098,6.519391
rpi,02-coded,block_sparse,512,512,512,128,256,256,16,8,18.974467100000002,0.015755705472009413,18.953684,19.039738,14.1472029,0.01172402270421572,14.098695,14.162706
rpi,02-coded,dense_no_zero,128,128,128,128,256,256,16,8,0.46443323333333336,0.003285149098420127,0.461455,0.473288,9.031447666666667,0.06313254671219765,8.862054,9.089302
rpi,02-coded,dense_no_zero,256,256,256,128,256,256,16,8,5.3394882333333324,0.6526579035541529,4.597302,7.311047,6.3640851666666665,0.6865000795254284,4.589552,7.298723
rpi,02-coded,dense_no_zero,512,512,512,128,256,256,16,8,19.5863163,3.474516164421806,18.83287,37.716165,13.933888966666666,1.3424197451009097,7.117252,14.253561
rpi,02-coded,diagonal,128,128,128,128,256,256,16,8,0.44626,0.00458371182219886,0.441159,0.462639,9.399728466666666,0.09453176725923416,9.066041,9.507466
rpi,02-coded,diagonal,256,256,256,128,256,256,16,8,5.448370233333334,0.2074193003768108,4.975684,5.570006,6.167882133333333,0.25173911971033297,6.024129,6.743682
rpi,02-coded,diagonal,512,512,512,128,256,256,16,8,18.717027033333334,0.02762605437336744,18.697188,18.851648,14.341808533333333,0.021045004117995144,14.239363,14.356996
rpi,02-coded,random_dense,128,128,128,128,256,256,16,8,0.45792710000000003,0.0041562795560784686,0.451991,0.46901,9.160047266666668,0.08210212442290395,8.942888,9.279618
rpi,02-coded,random_dense,256,256,256,128,256,256,16,8,5.092277333333333,0.44768891183347814,4.568858,5.610431,6.638975433333333,0.5854713183692369,5.980723,7.344162
rpi,02-coded,random_dense,512,512,512,128,256,256,16,8,18.897260866666667,0.018834525791076615,18.876146,18.961792,14.205006599999999,0.014132552410218803,14.15665,14.220883
rpi,02-coded,random_sparse,128,128,128,128,256,256,16,8,0.46893056666666666,0.006508713065673161,0.461936,0.49525,8.946015466666667,0.12020039228053865,8.469064,9.079838
rpi,02-coded,random_sparse,256,256,256,128,256,256,16,8,5.280891766666667,0.41477226746265966,4.611913,5.684041,6.393656866666666,0.5240588081716187,5.903271,7.2756
rpi,02-coded,random_sparse,512,512,512,128,256,256,16,8,18.872682899999997,0.013112961251478133,18.854702,18.92385,14.223498633333332,0.009868993846921461,14.185034,14.237056
rpi,03-blocked,banded,128,128,128,128,256,256,16,8,0.8129608333333334,0.011839447433178116,0.804633,0.860021,5.160315266666667,0.07254586054063732,4.876979,5.212692
rpi,03-blocked,banded,256,256,256,128,256,256,16,8,4.563727566666667,0.04944227581923226,4.522102,4.684117,7.353240166666667,0.07852691682653512,7.163449,7.420096
rpi,03-blocked,banded,512,512,512,128,256,256,16,8,18.666442033333333,0.1405771207733675,18.558716,19.114688,14.381422366666667,0.10693181944052425,14.043413,14.464118
rpi,03-blocked,block_sparse,128,128,128,128,256,256,16,8,0.8058787666666666,0.008071752365752007,0.8013,0.824003,5.205131566666666,0.051393704653849535,5.090156,5.234374
rpi,03-blocked,block_sparse,256,256,256,128,256,256,16,8,4.5604276666666665,0.04343639373988649,4.528583,4.690673,7.358370933333333,0.06874638998769482,7.153437,7.409477
rpi,03-blocked,block_sparse,512,512,512,128,256,256,16,8,18.6983666,0.1640044026571781,18.548069,19.268111,14.357143500000001,0.124129125737663,13.931592,14.472421
rpi,03-blocked,dense_no_zero,128,128,128,128,256,256,16,8,0.8110517333333332,0.013454712172713835,0.798282,0.864225,5.172767033333333,0.08289031342413081,4.853255,5.254163
rpi,03-blocked,dense_no_zero,256,256,256,128,256,256,16,8,4.470834766666667,0.8923131049028076,3.707599,7.074629,7.714629133333333,1.1011439774980019,4.742925,9.050178
rpi,03-blocked,dense_no_zero,512,512,512,128,256,256,16,8,18.649437733333333,0.12708882015561823,18.52966,19.11002,14.394393466666665,0.09677576837302083,14.046843,14.486799
rpi,03-blocked,diagonal,128,128,128,128,256,256,16,8,0.8128744,0.009021574553296644,0.806745,0.831336,5.160448233333333,0.05644443294236434,5.045257,5.199046
rpi,03-blocked,diagonal,256,256,256,128,256,256,16,8,4.583822766666667,0.07117529441077787,4.521139,4.761041,7.321862566666667,0.11175176692259932,7.047709,7.421677
rpi,03-blocked,diagonal,512,512,512,128,256,256,16,8,18.67781246666667,0.16028537943945692,18.551327,19.11165,14.372899499999999,0.12175931669479242,14.045645,14.469879
rpi,03-blocked,random_dense,128,128,128,128,256,256,16,8,0.5265149,0.22750823837002265,0.311624,0.830818,9.536930133333334,3.829813422814366,5.048403,13.459502
rpi,03-blocked,random_dense,256,256,256,128,256,256,16,8,4.2531977,0.348880929842947,3.699098,4.700635,7.9430334,0.6796989199848659,7.138276,9.070977
rpi,03-blocked,random_dense,512,512,512,128,256,256,16,8,18.643171866666666,0.12294581162720106,18.536863,18.970669,14.3991931,0.09404073871406034,14.150026,14.48117
rpi,03-blocked,random_sparse,128,128,128,128,256,256,16,8,0.8052868666666666,0.008876174093230342,0.797448,0.832947,5.209058633333333,0.05623906279353713,5.035499,5.259658
rpi,03-blocked,random_sparse,256,256,256,128,256,256,16,8,4.331607,0.24285480909624277,4.070462,4.688136,7.770038966666666,0.43596899863981026,7.157308,8.243396
rpi,03-blocked,random_sparse,512,512,512,128,256,256,16,8,18.67371446666667,0.1733981227452247,18.546159,19.169463,14.3762247,0.13160375468287774,14.003285,14.473911
rpi,04-neon,banded,128,128,128,128,256,256,16,8,0.8002366666666667,0.007116806831105088,0.796837,0.822707,5.241722333333333,0.045699725493277374,5.098175,5.263691
rpi,04-neon,banded,256,256,256,128,256,256,16,8,4.580014633333334,0.06963677249521662,4.520751,4.726229,7.327886866666666,0.10988972429094646,7.09962,7.422314
rpi,04-neon,banded,512,512,512,128,256,256,16,8,18.733590699999997,0.2094873156779233,18.555352,19.268155,14.330807499999999,0.15815242915089112,13.93156,14.46674
rpi,04-neon,block_sparse,128,128,128,128,256,256,16,8,0.7985028666666667,0.012265723152931824,0.790486,0.843874,5.253873733333333,0.07838831060988145,4.970297,5.305981
rpi,04-neon,block_sparse,256,256,256,128,256,256,16,8,4.499148466666667,0.1507236093683273,4.068222,4.708193,7.466697166666666,0.2702200160444086,7.126817,8.247935
rpi,04-neon,block_sparse,512,512,512,128,256,256,16,8,18.695938066666667,0.18430680730181473,18.541964,19.217156,14.359288933333334,0.13987689008452914,13.968532,14.477186
rpi,04-neon,dense_no_zero,128,128,128,128,256,256,16,8,0.7935029,0.04770778623601582,0.703858,0.949075,5.304387833333333,0.32200949246675237,4.41936,5.95902
rpi,04-neon,dense_no_zero,256,256,256,128,256,256,16,8,4.308717566666667,0.2484215706292616,4.068945,4.726359,7.812038833333333,0.4392673684088467,7.099425,8.24647
rpi,04-neon,dense_no_zero,512,512,512,128,256,256,16,8,19.370907266666666,2.823497649643189,18.550814,33.282568,14.037281199999999,1.2850163300707278,8.065347,14.470279
rpi,04-neon,diagonal,128,128,128,128,256,256,16,8,0.8025686666666666,0.009687388229685215,0.79693,0.823762,5.2268232,0.06199894929999581,5.091645,5.263077
rpi,04-neon,diagonal,256,256,256,128,256,256,16,8,4.554104533333333,0.058030169504071756,4.518121,4.694082,7.369086733333333,0.09196836146044782,7.148242,7.426634
rpi,04-neon,diagonal,512,512,512,128,256,256,16,8,18.6699191,0.13327569752994406,18.544686,18.994307,14.378668666666666,0.1018642644080948,14.132416,14.475061
rpi,04-neon,random_dense,128,128,128,128,256,256,16,8,0.5358989333333334,0.22299780562565516,0.309531,0.823818,9.3949411,3.942656059015777,5.091299,13.550514
rpi,04-neon,random_dense,256,256,256,128,256,256,16,8,4.226997866666666,0.330175060325395,3.700525,4.572787,7.987199966666667,0.6509078176924946,7.337852,9.067479
rpi,04-neon,random_dense,512,512,512,128,256,256,16,8,18.738898966666667,0.1559940969823654,18.544944,19.106136,14.325992600000001,0.11851174888988002,14.049699,14.474859
rpi,04-neon,random_sparse,128,128,128,128,256,256,16,8,0.8017058,0.0097014455033862,0.795393,0.821985,5.232454133333333,0.06235658602648313,5.102653,5.273247
rpi,04-neon,random_sparse,256,256,256,128,256,256,16,8,4.508721899999999,0.8246389551090427,3.698803,6.846098,7.624805066666666,1.0518632939205759,4.901249,9.0717
rpi,04-neon,random_sparse,512,512,512,128,256,256,16,8,18.774943366666665,0.2180903145575852,18.558759,19.297152,14.299386433333332,0.1646678671520094,13.910626,14.464084
rpi,05-final,banded,128,128,128,128,256,256,16,8,0.29294119999999996,0.003442785464086333,0.291161,0.303884,14.319770533333333,0.16428965648422844,13.802319,14.405446
rpi,05-final,banded,256,256,256,128,256,256,16,8,4.511436633333333,0.08754111533503707,4.441958,4.727564,7.4402932999999996,0.14158022613616955,7.097616,7.553973
rpi,05-final,banded,512,512,512,128,256,256,16,8,18.303453633333334,0.23733884165187538,18.116607,18.865687,14.668188166666665,0.18763021892359494,14.228767,14.817093
rpi,05-final,block_sparse,128,128,128,128,256,256,16,8,0.2925317333333333,0.0026929748572181614,0.291235,0.301827,14.3390942,0.12910644881951594,13.896384,14.401785
rpi,05-final,block_sparse,256,256,256,128,256,256,16,8,4.471844866666667,0.040074492545012066,4.440847,4.609844,7.504060466666667,0.06615260997104813,7.278865,7.555863
rpi,05-final,block_sparse,512,512,512,128,256,256,16,8,18.293788033333332,0.1873054681038955,18.116737,18.780207,14.675054466666667,0.14846212933008546,14.29353,14.816987
rpi,05-final,dense_no_zero,128,128,128,128,256,256,16,8,0.29354593333333334,0.003924152752249646,0.291032,0.304753,14.290830199999998,0.18745925292334706,13.762962,14.411831
rpi,05-final,dense_no_zero,256,256,256,128,256,256,16,8,4.2678241,0.24755741793792613,3.99791,4.629881,7.887751,0.45608132296894544,7.247364,8.392993
rpi,05-final,dense_no_zero,512,512,512,128,256,256,16,8,18.199665066666668,0.15392865641049455,18.114199,18.82752,14.7504688,0.12188692800817057,14.257611,14.819063
rpi,05-final,diagonal,128,128,128,128,256,256,16,8,0.29259356666666664,0.0030493045412122123,0.291032,0.301421,14.3363862,0.1460023628905154,13.915102,14.411831
rpi,05-final,diagonal,256,256,256,128,256,256,16,8,4.462307166666666,0.027983724884646205,4.441903,4.578419,7.519806633333333,0.04638898418024176,7.328825,7.554067
rpi,05-final,diagonal,512,512,512,128,256,256,16,8,18.314445033333335,0.22794606412777463,18.124181,18.966203,14.659192899999999,0.17939725189748282,14.153358,14.810901
rpi,05-final,random_dense,128,128,128,128,256,256,16,8,0.3052927,0.004483274789473761,0.291458,0.313254,13.741585033333333,0.20807883019422926,13.389467,14.390766
rpi,05-final,random_dense,256,256,256,128,256,256,16,8,3.0044273666666665,1.2145059613729554,2.216275,5.840229,12.547069200000001,3.610288837510835,5.745397,15.140013
rpi,05-final,random_dense,512,512,512,128,256,256,16,8,18.230080866666665,0.14140835326683082,18.108717,18.739909,14.7257071,0.11248359016697349,14.324267,14.823549
rpi,05-final,random_sparse,128,128,128,128,256,256,16,8,0.29192433333333334,0.0016116791272444465,0.291272,0.299254,14.368193133333333,0.07778654502158695,14.015866,14.399956
rpi,05-final,random_sparse,256,256,256,128,256,256,16,8,4.2977193,0.1990143717560585,4.001669,4.501216,7.8241260666666665,0.37153994975682736,7.454526,8.385109
rpi,05-final,random_sparse,512,512,512,128,256,256,16,8,18.2711874,0.19540657290176772,18.103032,18.806371,14.693337566666665,0.1549469006283217,14.273645,14.828204
samsung-a52,01-naive,banded,128,128,128,64,128,256,16,8,14.007187466666666,1.242379547376886,11.763906,16.41573,0.3016417666666667,0.025822454706739432,0.255505,0.35654
samsung-a52,01-naive,banded,256,256,256,64,128,256,16,8,56.3617968,2.6228439660541594,52.895364,66.417499,0.5965091666666668,0.026095728943817526,0.505205,0.634355
samsung-a52,01-naive,banded,512,512,512,64,128,256,16,8,426.0595431666667,2.1023054584201857,423.985833,433.620156,0.6300568666666667,0.003083444734365299,0.619057,0.633124
samsung-a52,01-naive,block_sparse,128,128,128,64,128,256,16,8,13.827974033333334,1.8225258904270925,6.930364,17.34599,0.3107037,0.06148606865430632,0.241803,0.605207
samsung-a52,01-naive,block_sparse,256,256,256,64,128,256,16,8,55.65410406666667,1.565798917839199,52.874479,57.657761,0.6033805666666667,0.017296866486564075,0.581959,0.634605
samsung-a52,01-naive,block_sparse,512,512,512,64,128,256,16,8,424.8078175333333,1.039917423640369,424.018646,429.412917,0.6319022333333333,0.0015355986293868328,0.625122,0.633075
samsung-a52,01-naive,dense_no_zero,128,128,128,64,128,256,16,8,14.176722233333333,2.3698385567087974,7.285833,19.204271,0.30568880000000004,0.06471934734464838,0.218405,0.575679
samsung-a52,01-naive,dense_no_zero,256,256,256,64,128,256,16,8,56.17330376666666,1.1400957128996607,53.434427,58.766511,0.5975774,0.012224046205229506,0.570979,0.627955
samsung-a52,01-naive,dense_no_zero,512,512,512,64,128,256,16,8,425.03563346666664,1.3679741971394408,424.195521,428.890417,0.6315662,0.0020198655025213635,0.625884,0.632811
samsung-a52,01-naive,diagonal,128,128,128,64,128,256,16,8,13.747574566666666,1.9457918340647018,7.063958,17.379687,0.3130002333333334,0.06139824939697095,0.241334,0.593761
samsung-a52,01-naive,diagonal,256,256,256,64,128,256,16,8,56.54484716666666,1.63122335307147,53.667084,59.824896,0.5938956333333334,0.017326649845279363,0.560877,0.625233
samsung-a52,01-naive,diagonal,512,512,512,64,128,256,16,8,425.2885710333333,1.1031525321341327,424.259219,428.611406,0.6311884,0.0016311712229623977,0.626291,0.632716
samsung-a52,01-naive,random_dense,128,128,128,64,128,256,16,8,14.072375033333334,1.5101832548059781,11.719219,18.033281,0.3012473,0.03109261519945499,0.232587,0.3579
samsung-a52,01-naive,random_dense,256,256,256,64,128,256,16,8,54.8134046,1.5823597691095603,52.947396,58.012656,0.6126418,0.017367185084282488,0.578398,0.633731
samsung-a52,01-naive,random_dense,512,512,512,64,128,256,16,8,424.7969703,0.8558664889550092,424.110104,426.654739,0.6319172,0.0012696753155419349,0.629163,0.632938
samsung-a52,01-naive,random_sparse,128,128,128,64,128,256,16,8,12.9505208,2.902499029454914,6.619062,20.052605,0.34389643333333336,0.09737796107832235,0.209165,0.63367
samsung-a52,01-naive,random_sparse,256,256,256,64,128,256,16,8,55.0200346,1.3912868683442976,52.953854,57.927343,0.6102331333333333,0.015334841997394608,0.57925,0.633654
samsung-a52,01-naive,random_sparse,512,512,512,64,128,256,16,8,425.0229668333333,1.3328395862472748,424.082031,431.002031,0.6315846666666667,0.0019608726124607833,0.622817,0.63298
samsung-a52,02-coded,banded,128,128,128,64,128,256,16,8,0.5145243,0.09446118388620141,0.359531,0.786823,8.3806038,1.3405194803660212,5.330683,11.666043
samsung-a52,02-coded,banded,256,256,256,64,128,256,16,8,3.8401423333333335,0.9178797245781596,3.116407,6.395782,9.1061268,1.613570418206852,5.246338,10.767025
samsung-a52,02-coded,banded,512,512,512,64,128,256,16,8,12.485638733333333,4.809962204981521,8.59151,24.496718,24.256340566666665,7.60311880785417,10.958017,31.24427
samsung-a52,02-coded,block_sparse,128,128,128,64,128,256,16,8,0.6313682666666666,0.36217373683947773,0.388958,2.04375,7.6631008,1.9785680354473252,2.052259,10.783437
samsung-a52,02-coded,block_sparse,256,256,256,64,128,256,16,8,3.794300466666667,0.7083971869757976,3.126823,6.039947,9.078744833333333,1.3340502659929527,5.555418,10.731158
samsung-a52,02-coded,block_sparse,512,512,512,64,128,256,16,8,11.189069366666667,3.828262809073944,8.778541,22.210885,26.015950200000002,6.2705493794678,12.085761,30.578596
samsung-a52,02-coded,dense_no_zero,128,128,128,64,128,256,16,8,0.5150851333333333,0.11406909660247928,0.374114,0.986667,8.441157966666667,1.4938701445858902,4.250982,11.211299
samsung-a52,02-coded,dense_no_zero,256,256,256,64,128,256,16,8,3.6588939000000003,0.8775522000716401,2.686562,7.61599,9.492021766666666,1.4664639497026495,4.405787,12.489729
samsung-a52,02-coded,dense_no_zero,512,512,512,64,128,256,16,8,8.8427362,0.41365788368020534,8.699792,10.386094,30.41221243333333,1.2298771484178377,25.84566,30.855388
samsung-a52,02-coded,diagonal,128,128,128,64,128,256,16,8,0.7780607333333334,1.0519815566606352,0.356719,5.771354,7.8984712,2.292079314751811,0.726745,11.758006
samsung-a52,02-coded,diagonal,256,256,256,64,128,256,16,8,3.7775867666666665,1.280542320482916,3.150157,9.523594,9.399969066666667,1.6502526338540626,3.523295,10.65167
samsung-a52,02-coded,diagonal,512,512,512,64,128,256,16,8,12.997696133333333,4.5090786517641295,8.588438,20.920417,23.071015266666667,7.347751500112637,12.831267,31.255446
samsung-a52,02-coded,random_dense,128,128,128,64,128,256,16,8,0.5425555333333333,0.2059578352329517,0.482188,1.608594,8.152489633333333,1.2066831128962274,2.607435,8.698483
samsung-a52,02-coded,random_dense,256,256,256,64,128,256,16,8,3.3459548,0.20019277842833197,3.128021,4.103125,10.059184033333334,0.5350024899032283,8.177775,10.727048
samsung-a52,02-coded,random_dense,512,512,512,64,128,256,16,8,8.7006944,0.03656607114157924,8.654114,8.793959,30.852712566666664,0.1292288948213082,30.524984,31.018248
samsung-a52,02-coded,random_sparse,128,128,128,64,128,256,16,8,0.5839531333333333,0.192291828880092,0.484375,1.367969,7.633985666666666,1.486070719639624,3.066081,8.659208
samsung-a52,02-coded,random_sparse,256,256,256,64,128,256,16,8,3.4799981333333334,0.6744647591326866,1.971562,6.091979,9.980201633333333,1.989717058811707,5.507969,17.019212
samsung-a52,02-coded,random_sparse,512,512,512,64,128,256,16,8,8.7576736,0.05397249487540743,8.70323,8.967396,30.652568433333332,0.1865702208096021,29.934605,30.843199
samsung-a52,03-blocked,banded,128,128,128,64,128,256,16,8,0.5527725,0.12680613639583038,0.463958,1.047396,7.8712024000000005,1.3251890632891385,4.004506,9.040267
samsung-a52,03-blocked,banded,256,256,256,64,128,256,16,8,4.592994866666667,0.9935987886152222,1.69448,7.352135,7.741294066666667,2.4895369847372866,4.563903,19.8022
samsung-a52,03-blocked,banded,512,512,512,64,128,256,16,8,13.625763966666666,3.0242543792878647,11.826302,25.13026,20.3513582,3.0929808043095024,10.681762,22.698174
samsung-a52,03-blocked,block_sparse,128,128,128,64,128,256,16,8,0.7708819666666666,1.0769913580116726,0.46349,6.402396,7.495668433333333,2.05779832888636,0.655115,9.049395
samsung-a52,03-blocked,block_sparse,256,256,256,64,128,256,16,8,4.616513833333333,0.5570497801093435,4.138021,7.001822,7.347549233333334,0.6894430601108996,4.792243,8.108811
samsung-a52,03-blocked,block_sparse,512,512,512,64,128,256,16,8,13.984065966666666,3.2477496126227683,11.785885,25.374896,19.950186666666664,3.442142413902366,10.578781,22.776012
samsung-a52,03-blocked,dense_no_zero,128,128,128,64,128,256,16,8,0.5357985666666667,0.13634879352694698,0.463073,1.00375,8.154296800000001,1.3520824053725273,4.178634,9.057544
samsung-a52,03-blocked,dense_no_zero,256,256,256,64,128,256,16,8,4.5024427000000005,0.9635912578504094,1.698646,8.273281,7.8546442333333335,2.410344836082212,4.055759,19.753634
samsung-a52,03-blocked,dense_no_zero,512,512,512,64,128,256,16,8,12.210461866666666,0.990170368880884,11.852084,17.424844,22.083926466666664,1.2752995233445124,15.405329,22.648798
samsung-a52,03-blocked,diagonal,128,128,128,64,128,256,16,8,0.5226685,0.09016003254242824,0.460937,0.869792,8.201361733333334,1.0792245679143555,4.822192,9.099517
samsung-a52,03-blocked,diagonal,256,256,256,64,128,256,16,8,4.475557366666666,0.686418415493283,1.585886,5.900833,7.847870066666667,2.586511361124117,5.686389,21.158161
samsung-a52,03-blocked,diagonal,512,512,512,64,128,256,16,8,14.047987866666666,2.736445248832705,11.903958,23.432813,19.669652,3.035712691441518,11.455537,22.550101
samsung-a52,03-blocked,random_dense,128,128,128,64,128,256,16,8,0.48485249999999996,0.04784731136809226,0.46349,0.6725,8.713960333333334,0.6655402621033338,6.236883,9.049395
samsung-a52,03-blocked,random_dense,256,256,256,64,128,256,16,8,4.544277666666667,0.6706485348248973,3.912657,7.127813,7.5082802666666675,0.8893105383159787,4.707535,8.575869
samsung-a52,03-blocked,random_dense,512,512,512,64,128,256,16,8,11.9938889,0.056014225392305515,11.886667,12.098958,22.381490733333333,0.1044840298237112,22.186659,22.582904
samsung-a52,03-blocked,random_sparse,128,128,128,64,128,256,16,8,0.5525190999999999,0.1510480411737866,0.464219,1.205156,7.9463422,1.4171354955300741,3.4803,9.035184
samsung-a52,03-blocked,random_sparse,256,256,256,64,128,256,16,8,4.588203133333334,0.7473148312312478,2.63349,6.667969,7.5074575333333335,1.3133105427220737,5.032182,12.741431
samsung-a52,03-blocked,random_sparse,512,512,512,64,128,256,16,8,12.621642333333334,3.118238071188703,11.859896,29.104062,21.840385633333334,2.4038816374770366,9.223299,22.633879
samsung-a52,04-neon,banded,128,128,128,64,128,256,16,8,0.49583683333333334,0.10436629285988885,0.215834,0.788802,8.898930866666666,2.4492340477246706,5.317309,19.433009
samsung-a52,04-neon,banded,256,256,256,64,128,256,16,8,4.608173533333333,1.060135103934293,1.665677,8.50724,7.73964,2.5503633564869226,3.944221,20.144621
samsung-a52,04-neon,banded,512,512,512,64,128,256,16,8,12.765831466666667,1.6418564948669783,11.902656,18.797135,21.279157833333333,2.037436203995821,14.280658,22.552568
samsung-a52,04-neon,block_sparse,128,128,128,64,128,256,16,8,0.49683506666666666,0.08115885027351939,0.291093,0.73099,8.656177600000001,1.4479270944608007,5.73784,14.408811
samsung-a52,04-neon,block_sparse,256,256,256,64,128,256,16,8,4.557187633333333,0.8124609890263592,2.955209,6.881042,7.562440966666667,1.2048209040450641,4.876359,11.354335
samsung-a52,04-neon,block_sparse,512,512,512,64,128,256,16,8,13.630579733333333,3.1826858536376315,11.845312,27.027968,20.404658066666666,3.2707899584700666,9.931766,22.661746
samsung-a52,04-neon,dense_no_zero,128,128,128,64,128,256,16,8,0.6939859333333334,0.6627355572269319,0.291354,3.531719,7.948584633333334,2.4897403863164675,1.18761,14.395903
samsung-a52,04-neon,dense_no_zero,256,256,256,64,128,256,16,8,4.6226614,1.4080784657382188,1.575781,8.38375,8.1671932,3.665357963920543,4.002318,21.293842
samsung-a52,04-neon,dense_no_zero,512,512,512,64,128,256,16,8,12.507189266666668,2.551126484845156,11.798281,25.894011,21.903438100000002,2.2539632931824065,10.3667,22.752082
samsung-a52,04-neon,diagonal,128,128,128,64,128,256,16,8,0.5270954666666666,0.1557869528355142,0.216145,1.029531,8.590751033333333,2.6230563754047456,4.073995,19.405048
samsung-a52,04-neon,diagonal,256,256,256,64,128,256,16,8,5.142453166666667,1.9343368076398562,3.903542,12.604948,7.010777033333333,1.4130317096505283,2.662005,8.595894
samsung-a52,04-neon,diagonal,512,512,512,64,128,256,16,8,13.213930433333333,3.1906267317664407,11.851406,28.807396,20.932970666666666,2.741590448848666,9.318283,22.650094
samsung-a52,04-neon,random_dense,128,128,128,64,128,256,16,8,0.5369252666666667,0.22076186758835603,0.229895,1.594063,8.523714,2.35511248139697,2.631203,18.244433
samsung-a52,04-neon,random_dense,256,256,256,64,128,256,16,8,4.320656166666667,0.34014486662283755,3.984323,5.590052,7.806302866666667,0.5316055748800681,6.002526,8.421614
samsung-a52,04-neon,random_dense,512,512,512,64,128,256,16,8,12.825388833333333,3.3658732510870104,11.869271,30.235521,21.583105733333333,2.6315050300813354,8.878149,22.616002
samsung-a52,04-neon,random_sparse,128,128,128,64,128,256,16,8,0.5342100999999999,0.11850100863075766,0.461563,0.962188,8.127795166666667,1.317563288368685,4.359131,9.087176
samsung-a52,04-neon,random_sparse,256,256,256,64,128,256,16,8,4.6596006999999995,1.5595913578209972,1.602135,11.001875,7.925152333333333,2.9248830691084615,3.049883,20.943573
samsung-a52,04-neon,random_sparse,512,512,512,64,128,256,16,8,12.026333333333334,0.1052717233345025,11.838334,12.307708,22.322279233333333,0.1937451379187379,21.810353,22.675104
samsung-a52,05-final,banded,128,128,128,64,128,256,16,8,0.49908853333333336,0.10189171748605218,0.461666,1.021927,8.584125733333334,0.9270803449654013,4.104309,9.085148
samsung-a52,05-final,banded,256,256,256,64,128,256,16,8,4.6375138,1.3873019756705485,3.808906,11.809115,7.515370366666667,1.0114018659076869,2.841401,8.809467
samsung-a52,05-final,banded,512,512,512,64,128,256,16,8,13.338527699999998,4.0123785566532355,11.337813,27.428594,21.223434066666666,3.8641747397438544,9.786701,23.676123
samsung-a52,05-final,block_sparse,128,128,128,64,128,256,16,8,0.5126441666666667,0.09080807729874806,0.463594,0.889219,8.357161866666667,1.0454026949943733,4.71684,9.047365
samsung-a52,05-final,block_sparse,256,256,256,64,128,256,16,8,5.0644254,1.3674916126157866,2.072812,9.265729,7.0916756,2.1027381698001593,3.621348,16.18788
samsung-a52,05-final,block_sparse,512,512,512,64,128,256,16,8,12.771765533333333,1.9501107724256772,11.37677,16.5475,21.44077766666667,2.8694767127876424,16.222115,23.59505
samsung-a52,05-final,dense_no_zero,128,128,128,64,128,256,16,8,0.5459895333333333,0.12729723561798825,0.464166,1.003385,7.974573899999999,1.3279133850946017,4.180154,9.036215
samsung-a52,05-final,dense_no_zero,256,256,256,64,128,256,16,8,4.326529466666667,0.8259056153469158,1.494166,5.386563,8.427466666666668,3.765921206962325,6.229284,22.456964
samsung-a52,05-final,dense_no_zero,512,512,512,64,128,256,16,8,11.480789966666666,0.08372178867987402,11.257761,11.652552,23.382475566666667,0.1709600856460833,23.036624,23.84448
samsung-a52,05-final,diagonal,128,128,128,64,128,256,16,8,0.5297292,0.1010604009615554,0.463646,0.83224,8.141094666666667,1.223222392641731,5.039777,9.04635
samsung-a52,05-final,diagonal,256,256,256,64,128,256,16,8,4.374376799999999,0.37595512634992245,4.108594,6.095469,7.7140085,0.5259833380647213,5.504815,8.166889
samsung-a52,05-final,diagonal,512,512,512,64,128,256,16,8,13.599980833333335,4.837930770889861,11.394531,29.242187,21.147712333333335,4.180655525735354,9.179733,23.558272
samsung-a52,05-final,random_dense,128,128,128,64,128,256,16,8,0.534974,0.10173322037835883,0.4675,0.856718,8.056983466666667,1.190300100642133,4.895781,8.971773
samsung-a52,05-final,random_dense,256,256,256,64,128,256,16,8,4.689849,1.1472307011478282,1.500677,8.721823,7.695459,2.946164447247418,3.847181,22.35953
samsung-a52,05-final,random_dense,512,512,512,64,128,256,16,8,11.456020833333334,0.09393856160905463,11.239635,11.60276,23.4333544,0.19316686794021973,23.135483,23.882934
samsung-a52,05-final,random_sparse,128,128,128,64,128,256,16,8,0.5461197666666667,0.10520323865104067,0.46901,0.899532,7.897918833333334,1.18538781318925,4.662762,8.942888
samsung-a52,05-final,random_sparse,256,256,256,64,128,256,16,8,4.3609878,0.8831586648949676,1.599323,6.644635,8.2336299,3.0350751897390063,5.049853,20.980397
samsung-a52,05-final,random_sparse,512,512,512,64,128,256,16,8,11.441310666666668,0.07743794333633185,11.265781,11.63,23.4629896,0.15893752948913653,23.081295,23.827505
