device,impl,matrix_type,m,n,k,run,time_ms,gflops,mblk,nblk,kblk,mmk,nmk
samsung-a52,01-naive,random_dense,128,128,128,1,13.636771,0.307573,64,128,256,16,8
samsung-a52,01-naive,random_dense,128,128,128,2,13.734063,0.305394,64,128,256,16,8
samsung-a52,01-naive,random_dense,128,128,128,3,15.313021,0.273904,64,128,256,16,8
samsung-a52,01-naive,random_dense,128,128,128,4,13.410572,0.312761,64,128,256,16,8
samsung-a52,01-naive,random_dense,128,128,128,5,12.092656,0.346847,64,128,256,16,8
samsung-a52,01-naive,random_dense,128,128,128,6,13.484480,0.311047,64,128,256,16,8
samsung-a52,01-naive,random_dense,128,128,128,7,13.464687,0.311504,64,128,256,16,8
samsung-a52,01-naive,random_dense,128,128,128,8,16.998802,0.246741,64,128,256,16,8
samsung-a52,01-naive,random_dense,128,128,128,9,13.392760,0.313177,64,128,256,16,8
samsung-a52,01-naive,random_dense,128,128,128,10,11.719219,0.357900,64,128,256,16,8
samsung-a52,01-naive,random_dense,128,128,128,11,15.809428,0.265304,64,128,256,16,8
samsung-a52,01-naive,random_dense,128,128,128,12,13.556094,0.309404,64,128,256,16,8
samsung-a52,01-naive,random_dense,128,128,128,13,14.627813,0.286735,64,128,256,16,8
samsung-a52,01-naive,random_dense,128,128,128,14,18.033281,0.232587,64,128,256,16,8
samsung-a52,01-naive,random_dense,128,128,128,15,15.241406,0.275191,64,128,256,16,8
samsung-a52,01-naive,random_dense,128,128,128,16,12.097813,0.346699,64,128,256,16,8
samsung-a52,01-naive,random_dense,128,128,128,17,13.734948,0.305375,64,128,256,16,8
samsung-a52,01-naive,random_dense,128,128,128,18,14.019843,0.299169,64,128,256,16,8
samsung-a52,01-naive,random_dense,128,128,128,19,13.519167,0.310249,64,128,256,16,8
samsung-a52,01-naive,random_dense,128,128,128,20,14.288698,0.293540,64,128,256,16,8
samsung-a52,01-naive,random_dense,128,128,128,21,11.964479,0.350563,64,128,256,16,8
samsung-a52,01-naive,random_dense,128,128,128,22,13.259583,0.316322,64,128,256,16,8
samsung-a52,01-naive,random_dense,128,128,128,23,16.396042,0.255812,64,128,256,16,8
samsung-a52,01-naive,random_dense,128,128,128,24,15.103698,0.277700,64,128,256,16,8
samsung-a52,01-naive,random_dense,128,128,128,25,13.826823,0.303345,64,128,256,16,8
samsung-a52,01-naive,random_dense,128,128,128,26,13.733698,0.305402,64,128,256,16,8
samsung-a52,01-naive,random_dense,128,128,128,27,11.899427,0.352479,64,128,256,16,8
samsung-a52,01-naive,random_dense,128,128,128,28,15.780469,0.265791,64,128,256,16,8
samsung-a52,01-naive,random_dense,128,128,128,29,14.373802,0.291802,64,128,256,16,8
samsung-a52,01-naive,random_dense,128,128,128,30,13.657708,0.307102,64,128,256,16,8
samsung-a52,01-naive,random_sparse,128,128,128,1,13.878229,0.302222,64,128,256,16,8
samsung-a52,01-naive,random_sparse,128,128,128,2,16.092552,0.260636,64,128,256,16,8
samsung-a52,01-naive,random_sparse,128,128,128,3,12.260886,0.342088,64,128,256,16,8
samsung-a52,01-naive,random_sparse,128,128,128,4,20.052605,0.209165,64,128,256,16,8
samsung-a52,01-naive,random_sparse,128,128,128,5,11.436771,0.366738,64,128,256,16,8
samsung-a52,01-naive,random_sparse,128,128,128,6,16.273750,0.257734,64,128,256,16,8
samsung-a52,01-naive,random_sparse,128,128,128,7,13.463698,0.311527,64,128,256,16,8
samsung-a52,01-naive,random_sparse,128,128,128,8,13.855000,0.302729,64,128,256,16,8
samsung-a52,01-naive,random_sparse,128,128,128,9,13.832031,0.303231,64,128,256,16,8
samsung-a52,01-naive,random_sparse,128,128,128,10,10.337448,0.405739,64,128,256,16,8
samsung-a52,01-naive,random_sparse,128,128,128,11,11.608385,0.361317,64,128,256,16,8
samsung-a52,01-naive,random_sparse,128,128,128,12,9.914375,0.423053,64,128,256,16,8
samsung-a52,01-naive,random_sparse,128,128,128,13,7.166198,0.585290,64,128,256,16,8
samsung-a52,01-naive,random_sparse,128,128,128,14,14.844896,0.282542,64,128,256,16,8
samsung-a52,01-naive,random_sparse,128,128,128,15,12.453125,0.336807,64,128,256,16,8
samsung-a52,01-naive,random_sparse,128,128,128,16,16.111615,0.260328,64,128,256,16,8
samsung-a52,01-naive,random_sparse,128,128,128,17,14.085469,0.297775,64,128,256,16,8
samsung-a52,01-naive,random_sparse,128,128,128,18,13.370000,0.313710,64,128,256,16,8
samsung-a52,01-naive,random_sparse,128,128,128,19,15.810468,0.265287,64,128,256,16,8
samsung-a52,01-naive,random_sparse,128,128,128,20,13.733802,0.305400,64,128,256,16,8
samsung-a52,01-naive,random_sparse,128,128,128,21,13.642760,0.307438,64,128,256,16,8
samsung-a52,01-naive,random_sparse,128,128,128,22,13.547187,0.309607,64,128,256,16,8
samsung-a52,01-naive,random_sparse,128,128,128,23,14.210989,0.295145,64,128,256,16,8
samsung-a52,01-naive,random_sparse,128,128,128,24,10.718542,0.391313,64,128,256,16,8
samsung-a52,01-naive,random_sparse,128,128,128,25,7.879323,0.532318,64,128,256,16,8
samsung-a52,01-naive,random_sparse,128,128,128,26,6.619062,0.633670,64,128,256,16,8
samsung-a52,01-naive,random_sparse,128,128,128,27,14.935990,0.280819,64,128,256,16,8
samsung-a52,01-naive,random_sparse,128,128,128,28,9.196458,0.456078,64,128,256,16,8
samsung-a52,01-naive,random_sparse,128,128,128,29,13.658333,0.307088,64,128,256,16,8
samsung-a52,01-naive,random_sparse,128,128,128,30,13.525677,0.310099,64,128,256,16,8
samsung-a52,01-naive,dense_no_zero,128,128,128,1,13.463802,0.311524,64,128,256,16,8
samsung-a52,01-naive,dense_no_zero,128,128,128,2,16.780573,0.249950,64,128,256,16,8
samsung-a52,01-naive,dense_no_zero,128,128,128,3,13.922500,0.301261,64,128,256,16,8
samsung-a52,01-naive,dense_no_zero,128,128,128,4,13.605625,0.308277,64,128,256,16,8
samsung-a52,01-naive,dense_no_zero,128,128,128,5,15.126146,0.277288,64,128,256,16,8
samsung-a52,01-naive,dense_no_zero,128,128,128,6,15.399844,0.272360,64,128,256,16,8
samsung-a52,01-naive,dense_no_zero,128,128,128,7,11.213177,0.374051,64,128,256,16,8
samsung-a52,01-naive,dense_no_zero,128,128,128,8,13.583125,0.308788,64,128,256,16,8
samsung-a52,01-naive,dense_no_zero,128,128,128,9,13.657240,0.307112,64,128,256,16,8
samsung-a52,01-naive,dense_no_zero,128,128,128,10,14.846510,0.282511,64,128,256,16,8
samsung-a52,01-naive,dense_no_zero,128,128,128,11,7.285833,0.575679,64,128,256,16,8
samsung-a52,01-naive,dense_no_zero,128,128,128,12,13.642657,0.307440,64,128,256,16,8
samsung-a52,01-naive,dense_no_zero,128,128,128,13,15.984479,0.262399,64,128,256,16,8
samsung-a52,01-naive,dense_no_zero,128,128,128,14,11.797448,0.355526,64,128,256,16,8
samsung-a52,01-naive,dense_no_zero,128,128,128,15,13.729479,0.305496,64,128,256,16,8
samsung-a52,01-naive,dense_no_zero,128,128,128,16,13.854167,0.302747,64,128,256,16,8
samsung-a52,01-naive,dense_no_zero,128,128,128,17,13.614011,0.308087,64,128,256,16,8
samsung-a52,01-naive,dense_no_zero,128,128,128,18,14.067812,0.298149,64,128,256,16,8
samsung-a52,01-naive,dense_no_zero,128,128,128,19,12.459271,0.336641,64,128,256,16,8
samsung-a52,01-naive,dense_no_zero,128,128,128,20,17.881979,0.234555,64,128,256,16,8
samsung-a52,01-naive,dense_no_zero,128,128,128,21,11.317240,0.370612,64,128,256,16,8
samsung-a52,01-naive,dense_no_zero,128,128,128,22,11.342448,0.369788,64,128,256,16,8
samsung-a52,01-naive,dense_no_zero,128,128,128,23,19.204271,0.218405,64,128,256,16,8
samsung-a52,01-naive,dense_no_zero,128,128,128,24,17.033333,0.246241,64,128,256,16,8
samsung-a52,01-naive,dense_no_zero,128,128,128,25,15.374375,0.272811,64,128,256,16,8
samsung-a52,01-naive,dense_no_zero,128,128,128,26,13.113229,0.319853,64,128,256,16,8
samsung-a52,01-naive,dense_no_zero,128,128,128,27,13.986354,0.299885,64,128,256,16,8
samsung-a52,01-naive,dense_no_zero,128,128,128,28,17.709115,0.236844,64,128,256,16,8
samsung-a52,01-naive,dense_no_zero,128,128,128,29,16.224531,0.258516,64,128,256,16,8
samsung-a52,01-naive,dense_no_zero,128,128,128,30,14.081093,0.297868,64,128,256,16,8
samsung-a52,01-naive,diagonal,128,128,128,1,13.579792,0.308864,64,128,256,16,8
samsung-a52,01-naive,diagonal,128,128,128,2,12.166875,0.344731,64,128,256,16,8
samsung-a52,01-naive,diagonal,128,128,128,3,13.280677,0.315820,64,128,256,16,8
samsung-a52,01-naive,diagonal,128,128,128,4,14.430208,0.290661,64,128,256,16,8
samsung-a52,01-naive,diagonal,128,128,128,5,14.015990,0.299251,64,128,256,16,8
samsung-a52,01-naive,diagonal,128,128,128,6,7.063958,0.593761,64,128,256,16,8
samsung-a52,01-naive,diagonal,128,128,128,7,12.424063,0.337595,64,128,256,16,8
samsung-a52,01-naive,diagonal,128,128,128,8,15.248646,0.275061,64,128,256,16,8
samsung-a52,01-naive,diagonal,128,128,128,9,11.773958,0.356236,64,128,256,16,8
samsung-a52,01-naive,diagonal,128,128,128,10,13.573229,0.309013,64,128,256,16,8
samsung-a52,01-naive,diagonal,128,128,128,11,13.753958,0.304953,64,128,256,16,8
samsung-a52,01-naive,diagonal,128,128,128,12,13.465468,0.311486,64,128,256,16,8
samsung-a52,01-naive,diagonal,128,128,128,13,12.469531,0.336364,64,128,256,16,8
samsung-a52,01-naive,diagonal,128,128,128,14,13.742187,0.305214,64,128,256,16,8
samsung-a52,01-naive,diagonal,128,128,128,15,14.712239,0.285089,64,128,256,16,8
samsung-a52,01-naive,diagonal,128,128,128,16,14.403959,0.291191,64,128,256,16,8
samsung-a52,01-naive,diagonal,128,128,128,17,13.058333,0.321198,64,128,256,16,8
samsung-a52,01-naive,diagonal,128,128,128,18,12.332552,0.340100,64,128,256,16,8
samsung-a52,01-naive,diagonal,128,128,128,19,13.749739,0.305046,64,128,256,16,8
samsung-a52,01-naive,diagonal,128,128,128,20,17.379687,0.241334,64,128,256,16,8
samsung-a52,01-naive,diagonal,128,128,128,21,15.429271,0.271841,64,128,256,16,8
samsung-a52,01-naive,diagonal,128,128,128,22,11.727552,0.357645,64,128,256,16,8
samsung-a52,01-naive,diagonal,128,128,128,23,15.122395,0.277357,64,128,256,16,8
samsung-a52,01-naive,diagonal,128,128,128,24,13.307761,0.315177,64,128,256,16,8
samsung-a52,01-naive,diagonal,128,128,128,25,16.207240,0.258792,64,128,256,16,8
samsung-a52,01-naive,diagonal,128,128,128,26,14.170572,0.295987,64,128,256,16,8
samsung-a52,01-naive,diagonal,128,128,128,27,16.899844,0.248186,64,128,256,16,8
samsung-a52,01-naive,diagonal,128,128,128,28,16.553542,0.253378,64,128,256,16,8
samsung-a52,01-naive,diagonal,128,128,128,29,12.320104,0.340444,64,128,256,16,8
samsung-a52,01-naive,diagonal,128,128,128,30,14.063907,0.298232,64,128,256,16,8
samsung-a52,01-naive,banded,128,128,128,1,14.166093,0.296081,64,128,256,16,8
samsung-a52,01-naive,banded,128,128,128,2,13.588541,0.308665,64,128,256,16,8
samsung-a52,01-naive,banded,128,128,128,3,15.434115,0.271755,64,128,256,16,8
samsung-a52,01-naive,banded,128,128,128,4,13.335468,0.314522,64,128,256,16,8
samsung-a52,01-naive,banded,128,128,128,5,13.576459,0.308939,64,128,256,16,8
samsung-a52,01-naive,banded,128,128,128,6,13.554375,0.309443,64,128,256,16,8
samsung-a52,01-naive,banded,128,128,128,7,12.820364,0.327160,64,128,256,16,8
samsung-a52,01-naive,banded,128,128,128,8,13.283437,0.315754,64,128,256,16,8
samsung-a52,01-naive,banded,128,128,128,9,15.782917,0.265750,64,128,256,16,8
samsung-a52,01-naive,banded,128,128,128,10,14.023177,0.299098,64,128,256,16,8
samsung-a52,01-naive,banded,128,128,128,11,13.082448,0.320605,64,128,256,16,8
samsung-a52,01-naive,banded,128,128,128,12,14.019219,0.299182,64,128,256,16,8
samsung-a52,01-naive,banded,128,128,128,13,13.535208,0.309881,64,128,256,16,8
samsung-a52,01-naive,banded,128,128,128,14,14.905573,0.281392,64,128,256,16,8
samsung-a52,01-naive,banded,128,128,128,15,16.325312,0.256920,64,128,256,16,8
samsung-a52,01-naive,banded,128,128,128,16,12.726250,0.329579,64,128,256,16,8
samsung-a52,01-naive,banded,128,128,128,17,12.754688,0.328844,64,128,256,16,8
samsung-a52,01-naive,banded,128,128,128,18,13.980313,0.300015,64,128,256,16,8
samsung-a52,01-naive,banded,128,128,128,19,16.231510,0.258405,64,128,256,16,8
samsung-a52,01-naive,banded,128,128,128,20,16.286666,0.257530,64,128,256,16,8
samsung-a52,01-naive,banded,128,128,128,21,12.978907,0.323163,64,128,256,16,8
samsung-a52,01-naive,banded,128,128,128,22,14.591042,0.287457,64,128,256,16,8
samsung-a52,01-naive,banded,128,128,128,23,13.636979,0.307568,64,128,256,16,8
samsung-a52,01-naive,banded,128,128,128,24,13.680677,0.306586,64,128,256,16,8
samsung-a52,01-naive,banded,128,128,128,25,16.415730,0.255505,64,128,256,16,8
samsung-a52,01-naive,banded,128,128,128,26,11.763906,0.356540,64,128,256,16,8
samsung-a52,01-naive,banded,128,128,128,27,13.773594,0.304518,64,128,256,16,8
samsung-a52,01-naive,banded,128,128,128,28,13.789219,0.304173,64,128,256,16,8
samsung-a52,01-naive,banded,128,128,128,29,14.012135,0.299334,64,128,256,16,8
samsung-a52,01-naive,banded,128,128,128,30,12.161302,0.344889,64,128,256,16,8
samsung-a52,01-naive,block_sparse,128,128,128,1,12.087344,0.347000,64,128,256,16,8
samsung-a52,01-naive,block_sparse,128,128,128,2,14.591927,0.287440,64,128,256,16,8
samsung-a52,01-naive,block_sparse,128,128,128,3,12.989896,0.322890,64,128,256,16,8
samsung-a52,01-naive,block_sparse,128,128,128,4,13.600260,0.308399,64,128,256,16,8
samsung-a52,01-naive,block_sparse,128,128,128,5,13.647656,0.307328,64,128,256,16,8
samsung-a52,01-naive,block_sparse,128,128,128,6,14.110469,0.297248,64,128,256,16,8
samsung-a52,01-naive,block_sparse,128,128,128,7,13.434063,0.312214,64,128,256,16,8
samsung-a52,01-naive,block_sparse,128,128,128,8,6.930364,0.605207,64,128,256,16,8
samsung-a52,01-naive,block_sparse,128,128,128,9,15.599167,0.268880,64,128,256,16,8
samsung-a52,01-naive,block_sparse,128,128,128,10,14.262708,0.294075,64,128,256,16,8
samsung-a52,01-naive,block_sparse,128,128,128,11,14.280677,0.293705,64,128,256,16,8
samsung-a52,01-naive,block_sparse,128,128,128,12,13.378854,0.313502,64,128,256,16,8
samsung-a52,01-naive,block_sparse,128,128,128,13,13.477084,0.311217,64,128,256,16,8
samsung-a52,01-naive,block_sparse,128,128,128,14,11.764948,0.356509,64,128,256,16,8
samsung-a52,01-naive,block_sparse,128,128,128,15,14.906719,0.281370,64,128,256,16,8
samsung-a52,01-naive,block_sparse,128,128,128,16,14.123594,0.296971,64,128,256,16,8
samsung-a52,01-naive,block_sparse,128,128,128,17,14.617240,0.286942,64,128,256,16,8
samsung-a52,01-naive,block_sparse,128,128,128,18,13.492760,0.310856,64,128,256,16,8
samsung-a52,01-naive,block_sparse,128,128,128,19,13.399219,0.313026,64,128,256,16,8
samsung-a52,01-naive,block_sparse,128,128,128,20,13.738177,0.305303,64,128,256,16,8
samsung-a52,01-naive,block_sparse,128,128,128,21,13.318438,0.314925,64,128,256,16,8
samsung-a52,01-naive,block_sparse,128,128,128,22,13.135573,0.319309,64,128,256,16,8
samsung-a52,01-naive,block_sparse,128,128,128,23,16.316823,0.257054,64,128,256,16,8
samsung-a52,01-naive,block_sparse,128,128,128,24,16.236927,0.258319,64,128,256,16,8
samsung-a52,01-naive,block_sparse,128,128,128,25,13.289531,0.315610,64,128,256,16,8
samsung-a52,01-naive,block_sparse,128,128,128,26,16.170312,0.259383,64,128,256,16,8
samsung-a52,01-naive,block_sparse,128,128,128,27,14.529167,0.288682,64,128,256,16,8
samsung-a52,01-naive,block_sparse,128,128,128,28,13.798073,0.303978,64,128,256,16,8
samsung-a52,01-naive,block_sparse,128,128,128,29,17.345990,0.241803,64,128,256,16,8
samsung-a52,01-naive,block_sparse,128,128,128,30,12.265261,0.341966,64,128,256,16,8
samsung-a52,01-naive,random_dense,256,256,256,1,53.289480,0.629663,64,128,256,16,8
samsung-a52,01-naive,random_dense,256,256,256,2,57.931302,0.579211,64,128,256,16,8
samsung-a52,01-naive,random_dense,256,256,256,3,53.962032,0.621816,64,128,256,16,8
samsung-a52,01-naive,random_dense,256,256,256,4,54.645313,0.614040,64,128,256,16,8
samsung-a52,01-naive,random_dense,256,256,256,5,53.122604,0.631641,64,128,256,16,8
samsung-a52,01-naive,random_dense,256,256,256,6,52.955521,0.633634,64,128,256,16,8
samsung-a52,01-naive,random_dense,256,256,256,7,54.397396,0.616839,64,128,256,16,8
samsung-a52,01-naive,random_dense,256,256,256,8,54.190469,0.619194,64,128,256,16,8
samsung-a52,01-naive,random_dense,256,256,256,9,56.928230,0.589416,64,128,256,16,8
samsung-a52,01-naive,random_dense,256,256,256,10,54.701875,0.613406,64,128,256,16,8
samsung-a52,01-naive,random_dense,256,256,256,11,53.752448,0.624240,64,128,256,16,8
samsung-a52,01-naive,random_dense,256,256,256,12,52.947396,0.633731,64,128,256,16,8
samsung-a52,01-naive,random_dense,256,256,256,13,52.996250,0.633147,64,128,256,16,8
samsung-a52,01-naive,random_dense,256,256,256,14,54.101042,0.620218,64,128,256,16,8
samsung-a52,01-naive,random_dense,256,256,256,15,54.500937,0.615667,64,128,256,16,8
samsung-a52,01-naive,random_dense,256,256,256,16,56.107291,0.598040,64,128,256,16,8
samsung-a52,01-naive,random_dense,256,256,256,17,58.012656,0.578398,64,128,256,16,8
samsung-a52,01-naive,random_dense,256,256,256,18,56.061250,0.598532,64,128,256,16,8
samsung-a52,01-naive,random_dense,256,256,256,19,54.294010,0.618014,64,128,256,16,8
samsung-a52,01-naive,random_dense,256,256,256,20,52.976823,0.633379,64,128,256,16,8
samsung-a52,01-naive,random_dense,256,256,256,21,55.606459,0.603427,64,128,256,16,8
samsung-a52,01-naive,random_dense,256,256,256,22,56.253281,0.596488,64,128,256,16,8
samsung-a52,01-naive,random_dense,256,256,256,23,57.939635,0.579127,64,128,256,16,8
samsung-a52,01-naive,random_dense,256,256,256,24,54.448646,0.616258,64,128,256,16,8
samsung-a52,01-naive,random_dense,256,256,256,25,54.608490,0.614454,64,128,256,16,8
samsung-a52,01-naive,random_dense,256,256,256,26,53.612500,0.625870,64,128,256,16,8
samsung-a52,01-naive,random_dense,256,256,256,27,52.998386,0.633122,64,128,256,16,8
samsung-a52,01-naive,random_dense,256,256,256,28,54.482031,0.615881,64,128,256,16,8
samsung-a52,01-naive,random_dense,256,256,256,29,55.588489,0.603622,64,128,256,16,8
samsung-a52,01-naive,random_dense,256,256,256,30,56.989896,0.588779,64,128,256,16,8
samsung-a52,01-naive,random_sparse,256,256,256,1,53.964115,0.621792,64,128,256,16,8
samsung-a52,01-naive,random_sparse,256,256,256,2,53.885417,0.622700,64,128,256,16,8
samsung-a52,01-naive,random_sparse,256,256,256,3,55.467239,0.604941,64,128,256,16,8
samsung-a52,01-naive,random_sparse,256,256,256,4,55.014375,0.609921,64,128,256,16,8
samsung-a52,01-naive,random_sparse,256,256,256,5,55.967760,0.599531,64,128,256,16,8
samsung-a52,01-naive,random_sparse,256,256,256,6,53.214219,0.630554,64,128,256,16,8
samsung-a52,01-naive,random_sparse,256,256,256,7,56.114687,0.597962,64,128,256,16,8
samsung-a52,01-naive,random_sparse,256,256,256,8,57.924115,0.579283,64,128,256,16,8
samsung-a52,01-naive,random_sparse,256,256,256,9,54.252812,0.618483,64,128,256,16,8
samsung-a52,01-naive,random_sparse,256,256,256,10,55.743073,0.601948,64,128,256,16,8
samsung-a52,01-naive,random_sparse,256,256,256,11,53.841250,0.623210,64,128,256,16,8
samsung-a52,01-naive,random_sparse,256,256,256,12,53.132344,0.631526,64,128,256,16,8
samsung-a52,01-naive,random_sparse,256,256,256,13,54.359010,0.617275,64,128,256,16,8
samsung-a52,01-naive,random_sparse,256,256,256,14,54.201094,0.619073,64,128,256,16,8
samsung-a52,01-naive,random_sparse,256,256,256,15,53.952135,0.621930,64,128,256,16,8
samsung-a52,01-naive,random_sparse,256,256,256,16,55.946666,0.599757,64,128,256,16,8
samsung-a52,01-naive,random_sparse,256,256,256,17,56.002500,0.599160,64,128,256,16,8
samsung-a52,01-naive,random_sparse,256,256,256,18,55.496823,0.604619,64,128,256,16,8
samsung-a52,01-naive,random_sparse,256,256,256,19,57.927343,0.579250,64,128,256,16,8
samsung-a52,01-naive,random_sparse,256,256,256,20,56.521354,0.593659,64,128,256,16,8
samsung-a52,01-naive,random_sparse,256,256,256,21,52.953854,0.633654,64,128,256,16,8
samsung-a52,01-naive,random_sparse,256,256,256,22,53.706562,0.624773,64,128,256,16,8
samsung-a52,01-naive,random_sparse,256,256,256,23,53.432812,0.627974,64,128,256,16,8
samsung-a52,01-naive,random_sparse,256,256,256,24,54.350156,0.617375,64,128,256,16,8
samsung-a52,01-naive,random_sparse,256,256,256,25,56.386562,0.595079,64,128,256,16,8
samsung-a52,01-naive,random_sparse,256,256,256,26,56.402031,0.594915,64,128,256,16,8
samsung-a52,01-naive,random_sparse,256,256,256,27,55.621094,0.603268,64,128,256,16,8
samsung-a52,01-naive,random_sparse,256,256,256,28,53.087032,0.632065,64,128,256,16,8
samsung-a52,01-naive,random_sparse,256,256,256,29,56.314375,0.595841,64,128,256,16,8
samsung-a52,01-naive,random_sparse,256,256,256,30,55.418229,0.605476,64,128,256,16,8
samsung-a52,01-naive,dense_no_zero,256,256,256,1,57.021146,0.588456,64,128,256,16,8
samsung-a52,01-naive,dense_no_zero,256,256,256,2,56.675625,0.592043,64,128,256,16,8
samsung-a52,01-naive,dense_no_zero,256,256,256,3,56.519375,0.593680,64,128,256,16,8
samsung-a52,01-naive,dense_no_zero,256,256,256,4,56.318698,0.595796,64,128,256,16,8
samsung-a52,01-naive,dense_no_zero,256,256,256,5,55.744635,0.601931,64,128,256,16,8
samsung-a52,01-naive,dense_no_zero,256,256,256,6,56.263594,0.596379,64,128,256,16,8
samsung-a52,01-naive,dense_no_zero,256,256,256,7,55.799740,0.601337,64,128,256,16,8
samsung-a52,01-naive,dense_no_zero,256,256,256,8,56.526198,0.593609,64,128,256,16,8
samsung-a52,01-naive,dense_no_zero,256,256,256,9,56.441771,0.594496,64,128,256,16,8
samsung-a52,01-naive,dense_no_zero,256,256,256,10,55.331875,0.606421,64,128,256,16,8
samsung-a52,01-naive,dense_no_zero,256,256,256,11,56.358959,0.595370,64,128,256,16,8
samsung-a52,01-naive,dense_no_zero,256,256,256,12,54.756302,0.612796,64,128,256,16,8
samsung-a52,01-naive,dense_no_zero,256,256,256,13,57.009740,0.588574,64,128,256,16,8
samsung-a52,01-naive,dense_no_zero,256,256,256,14,55.288385,0.606898,64,128,256,16,8
samsung-a52,01-naive,dense_no_zero,256,256,256,15,56.865625,0.590065,64,128,256,16,8
samsung-a52,01-naive,dense_no_zero,256,256,256,16,58.032187,0.578204,64,128,256,16,8
samsung-a52,01-naive,dense_no_zero,256,256,256,17,57.848385,0.580041,64,128,256,16,8
samsung-a52,01-naive,dense_no_zero,256,256,256,18,56.547291,0.593387,64,128,256,16,8
samsung-a52,01-naive,dense_no_zero,256,256,256,19,58.766511,0.570979,64,128,256,16,8
samsung-a52,01-naive,dense_no_zero,256,256,256,20,55.680469,0.602625,64,128,256,16,8
samsung-a52,01-naive,dense_no_zero,256,256,256,21,56.471093,0.594188,64,128,256,16,8
samsung-a52,01-naive,dense_no_zero,256,256,256,22,53.434427,0.627955,64,128,256,16,8
samsung-a52,01-naive,dense_no_zero,256,256,256,23,56.868646,0.590034,64,128,256,16,8
samsung-a52,01-naive,dense_no_zero,256,256,256,24,56.653333,0.592276,64,128,256,16,8
samsung-a52,01-naive,dense_no_zero,256,256,256,25,55.647708,0.602980,64,128,256,16,8
samsung-a52,01-naive,dense_no_zero,256,256,256,26,55.287344,0.606910,64,128,256,16,8
samsung-a52,01-naive,dense_no_zero,256,256,256,27,53.586823,0.626169,64,128,256,16,8
samsung-a52,01-naive,dense_no_zero,256,256,256,28,56.819635,0.590543,64,128,256,16,8
samsung-a52,01-naive,dense_no_zero,256,256,256,29,55.187708,0.608006,64,128,256,16,8
samsung-a52,01-naive,dense_no_zero,256,256,256,30,55.445885,0.605174,64,128,256,16,8
samsung-a52,01-naive,diagonal,256,256,256,1,56.499739,0.593886,64,128,256,16,8
samsung-a52,01-naive,diagonal,256,256,256,2,55.568177,0.603843,64,128,256,16,8
samsung-a52,01-naive,diagonal,256,256,256,3,58.242031,0.576121,64,128,256,16,8
samsung-a52,01-naive,diagonal,256,256,256,4,54.956459,0.610564,64,128,256,16,8
samsung-a52,01-naive,diagonal,256,256,256,5,57.524427,0.583308,64,128,256,16,8
samsung-a52,01-naive,diagonal,256,256,256,6,56.162447,0.597453,64,128,256,16,8
samsung-a52,01-naive,diagonal,256,256,256,7,56.245625,0.596570,64,128,256,16,8
samsung-a52,01-naive,diagonal,256,256,256,8,53.702552,0.624820,64,128,256,16,8
samsung-a52,01-naive,diagonal,256,256,256,9,56.702084,0.591767,64,128,256,16,8
samsung-a52,01-naive,diagonal,256,256,256,10,53.812500,0.623543,64,128,256,16,8
samsung-a52,01-naive,diagonal,256,256,256,11,57.979115,0.578733,64,128,256,16,8
samsung-a52,01-naive,diagonal,256,256,256,12,53.667084,0.625233,64,128,256,16,8
samsung-a52,01-naive,diagonal,256,256,256,13,57.095312,0.587692,64,128,256,16,8
samsung-a52,01-naive,diagonal,256,256,256,14,57.853229,0.579992,64,128,256,16,8
samsung-a52,01-naive,diagonal,256,256,256,15,57.811823,0.580408,64,128,256,16,8
samsung-a52,01-naive,diagonal,256,256,256,16,59.824896,0.560877,64,128,256,16,8
samsung-a52,01-naive,diagonal,256,256,256,17,56.799636,0.590751,64,128,256,16,8
samsung-a52,01-naive,diagonal,256,256,256,18,58.175989,0.576775,64,128,256,16,8
samsung-a52,01-naive,diagonal,256,256,256,19,56.855104,0.590174,64,128,256,16,8
samsung-a52,01-naive,diagonal,256,256,256,20,57.636406,0.582174,64,128,256,16,8
samsung-a52,01-naive,diagonal,256,256,256,21,56.429010,0.594631,64,128,256,16,8
samsung-a52,01-naive,diagonal,256,256,256,22,56.344792,0.595520,64,128,256,16,8
samsung-a52,01-naive,diagonal,256,256,256,23,53.855729,0.623043,64,128,256,16,8
samsung-a52,01-naive,diagonal,256,256,256,24,57.261250,0.585988,64,128,256,16,8
samsung-a52,01-naive,diagonal,256,256,256,25,58.418489,0.574380,64,128,256,16,8
samsung-a52,01-naive,diagonal,256,256,256,26,53.720312,0.624613,64,128,256,16,8
samsung-a52,01-naive,diagonal,256,256,256,27,58.832656,0.570337,64,128,256,16,8
samsung-a52,01-naive,diagonal,256,256,256,28,55.802344,0.601309,64,128,256,16,8
samsung-a52,01-naive,diagonal,256,256,256,29,56.056927,0.598578,64,128,256,16,8
samsung-a52,01-naive,diagonal,256,256,256,30,56.509271,0.593786,64,128,256,16,8
samsung-a52,01-naive,banded,256,256,256,1,57.917187,0.579352,64,128,256,16,8
samsung-a52,01-naive,banded,256,256,256,2,58.687240,0.571750,64,128,256,16,8
samsung-a52,01-naive,banded,256,256,256,3,58.226302,0.576276,64,128,256,16,8
samsung-a52,01-naive,banded,256,256,256,4,56.677083,0.592028,64,128,256,16,8
samsung-a52,01-naive,banded,256,256,256,5,54.773750,0.612601,64,128,256,16,8
samsung-a52,01-naive,banded,256,256,256,6,55.345261,0.606275,64,128,256,16,8
samsung-a52,01-naive,banded,256,256,256,7,57.133854,0.587295,64,128,256,16,8
samsung-a52,01-naive,banded,256,256,256,8,55.963750,0.599574,64,128,256,16,8
samsung-a52,01-naive,banded,256,256,256,9,56.433958,0.594579,64,128,256,16,8
samsung-a52,01-naive,banded,256,256,256,10,56.523698,0.593635,64,128,256,16,8
samsung-a52,01-naive,banded,256,256,256,11,56.500782,0.593876,64,128,256,16,8
samsung-a52,01-naive,banded,256,256,256,12,55.432708,0.605318,64,128,256,16,8
samsung-a52,01-naive,banded,256,256,256,13,53.516302,0.626995,64,128,256,16,8
samsung-a52,01-naive,banded,256,256,256,14,56.566407,0.593187,64,128,256,16,8
samsung-a52,01-naive,banded,256,256,256,15,58.707291,0.571555,64,128,256,16,8
samsung-a52,01-naive,banded,256,256,256,16,54.317760,0.617743,64,128,256,16,8
samsung-a52,01-naive,banded,256,256,256,17,58.534583,0.573241,64,128,256,16,8
samsung-a52,01-naive,banded,256,256,256,18,52.895364,0.634355,64,128,256,16,8
samsung-a52,01-naive,banded,256,256,256,19,56.757448,0.591190,64,128,256,16,8
samsung-a52,01-naive,banded,256,256,256,20,57.907865,0.579445,64,128,256,16,8
samsung-a52,01-naive,banded,256,256,256,21,56.833073,0.590403,64,128,256,16,8
samsung-a52,01-naive,banded,256,256,256,22,66.417499,0.505205,64,128,256,16,8
samsung-a52,01-naive,banded,256,256,256,23,53.646928,0.625468,64,128,256,16,8
samsung-a52,01-naive,banded,256,256,256,24,52.918385,0.634079,64,128,256,16,8
samsung-a52,01-naive,banded,256,256,256,25,56.524844,0.593623,64,128,256,16,8
samsung-a52,01-naive,banded,256,256,256,26,53.912187,0.622390,64,128,256,16,8
samsung-a52,01-naive,banded,256,256,256,27,53.037343,0.632657,64,128,256,16,8
samsung-a52,01-naive,banded,256,256,256,28,57.368386,0.584894,64,128,256,16,8
samsung-a52,01-naive,banded,256,256,256,29,53.926927,0.622220,64,128,256,16,8
samsung-a52,01-naive,banded,256,256,256,30,57.449739,0.584066,64,128,256,16,8
samsung-a52,01-naive,block_sparse,256,256,256,1,55.989740,0.599296,64,128,256,16,8
samsung-a52,01-naive,block_sparse,256,256,256,2,53.316458,0.629345,64,128,256,16,8
samsung-a52,01-naive,block_sparse,256,256,256,3,56.785520,0.590898,64,128,256,16,8
samsung-a52,01-naive,block_sparse,256,256,256,4,57.530469,0.583246,64,128,256,16,8
samsung-a52,01-naive,block_sparse,256,256,256,5,53.667864,0.625224,64,128,256,16,8
samsung-a52,01-naive,block_sparse,256,256,256,6,57.266250,0.585937,64,128,256,16,8
samsung-a52,01-naive,block_sparse,256,256,256,7,56.700000,0.591789,64,128,256,16,8
samsung-a52,01-naive,block_sparse,256,256,256,8,56.053698,0.598612,64,128,256,16,8
samsung-a52,01-naive,block_sparse,256,256,256,9,56.030104,0.598864,64,128,256,16,8
samsung-a52,01-naive,block_sparse,256,256,256,10,54.613906,0.614394,64,128,256,16,8
samsung-a52,01-naive,block_sparse,256,256,256,11,52.874479,0.634605,64,128,256,16,8
samsung-a52,01-naive,block_sparse,256,256,256,12,54.696250,0.613469,64,128,256,16,8
samsung-a52,01-naive,block_sparse,256,256,256,13,56.901406,0.589694,64,128,256,16,8
samsung-a52,01-naive,block_sparse,256,256,256,14,57.657761,0.581959,64,128,256,16,8
samsung-a52,01-naive,block_sparse,256,256,256,15,56.410156,0.594830,64,128,256,16,8
samsung-a52,01-naive,block_sparse,256,256,256,16,57.276250,0.585835,64,128,256,16,8
samsung-a52,01-naive,block_sparse,256,256,256,17,56.065156,0.598490,64,128,256,16,8
samsung-a52,01-naive,block_sparse,256,256,256,18,55.878802,0.600486,64,128,256,16,8
samsung-a52,01-naive,block_sparse,256,256,256,19,53.156927,0.631233,64,128,256,16,8
samsung-a52,01-naive,block_sparse,256,256,256,20,57.376822,0.584808,64,128,256,16,8
samsung-a52,01-naive,block_sparse,256,256,256,21,56.953385,0.589156,64,128,256,16,8
samsung-a52,01-naive,block_sparse,256,256,256,22,55.608490,0.603405,64,128,256,16,8
samsung-a52,01-naive,block_sparse,256,256,256,23,55.973021,0.599475,64,128,256,16,8
samsung-a52,01-naive,block_sparse,256,256,256,24,56.161198,0.597466,64,128,256,16,8
samsung-a52,01-naive,block_sparse,256,256,256,25,55.925000,0.599990,64,128,256,16,8
samsung-a52,01-naive,block_sparse,256,256,256,26,56.118437,0.597922,64,128,256,16,8
samsung-a52,01-naive,block_sparse,256,256,256,27,52.899323,0.634307,64,128,256,16,8
samsung-a52,01-naive,block_sparse,256,256,256,28,53.488020,0.627326,64,128,256,16,8
samsung-a52,01-naive,block_sparse,256,256,256,29,57.324115,0.585346,64,128,256,16,8
samsung-a52,01-naive,block_sparse,256,256,256,30,52.924115,0.634010,64,128,256,16,8
samsung-a52,01-naive,random_dense,512,512,512,1,424.110104,0.632938,64,128,256,16,8
samsung-a52,01-naive,random_dense,512,512,512,2,424.441667,0.632444,64,128,256,16,8
samsung-a52,01-naive,random_dense,512,512,512,3,424.201614,0.632802,64,128,256,16,8
samsung-a52,01-naive,random_dense,512,512,512,4,424.295572,0.632661,64,128,256,16,8
samsung-a52,01-naive,random_dense,512,512,512,5,424.312136,0.632637,64,128,256,16,8
samsung-a52,01-naive,random_dense,512,512,512,6,424.538958,0.632299,64,128,256,16,8
samsung-a52,01-naive,random_dense,512,512,512,7,424.212604,0.632785,64,128,256,16,8
samsung-a52,01-naive,random_dense,512,512,512,8,424.352552,0.632577,64,128,256,16,8
samsung-a52,01-naive,random_dense,512,512,512,9,424.645156,0.632141,64,128,256,16,8
samsung-a52,01-naive,random_dense,512,512,512,10,424.305417,0.632647,64,128,256,16,8
samsung-a52,01-naive,random_dense,512,512,512,11,426.654739,0.629163,64,128,256,16,8
samsung-a52,01-naive,random_dense,512,512,512,12,425.658854,0.630635,64,128,256,16,8
samsung-a52,01-naive,random_dense,512,512,512,13,424.161458,0.632861,64,128,256,16,8
samsung-a52,01-naive,random_dense,512,512,512,14,424.338645,0.632597,64,128,256,16,8
samsung-a52,01-naive,random_dense,512,512,512,15,426.397917,0.629542,64,128,256,16,8
samsung-a52,01-naive,random_dense,512,512,512,16,424.196614,0.632809,64,128,256,16,8
samsung-a52,01-naive,random_dense,512,512,512,17,424.468229,0.632404,64,128,256,16,8
samsung-a52,01-naive,random_dense,512,512,512,18,424.325261,0.632617,64,128,256,16,8
samsung-a52,01-naive,random_dense,512,512,512,19,424.836719,0.631856,64,128,256,16,8
samsung-a52,01-naive,random_dense,512,512,512,20,424.258906,0.632716,64,128,256,16,8
samsung-a52,01-naive,random_dense,512,512,512,21,424.313854,0.632634,64,128,256,16,8
samsung-a52,01-naive,random_dense,512,512,512,22,424.323385,0.632620,64,128,256,16,8
samsung-a52,01-naive,random_dense,512,512,512,23,424.422083,0.632473,64,128,256,16,8
samsung-a52,01-naive,random_dense,512,512,512,24,424.340469,0.632595,64,128,256,16,8
samsung-a52,01-naive,random_dense,512,512,512,25,426.494635,0.629399,64,128,256,16,8
samsung-a52,01-naive,random_dense,512,512,512,26,424.219270,0.632775,64,128,256,16,8
samsung-a52,01-naive,random_dense,512,512,512,27,424.856771,0.631826,64,128,256,16,8
samsung-a52,01-naive,random_dense,512,512,512,28,425.025573,0.631575,64,128,256,16,8
samsung-a52,01-naive,random_dense,512,512,512,29,426.614583,0.629222,64,128,256,16,8
samsung-a52,01-naive,random_dense,512,512,512,30,426.585364,0.629266,64,128,256,16,8
samsung-a52,01-naive,random_sparse,512,512,512,1,424.573073,0.632248,64,128,256,16,8
samsung-a52,01-naive,random_sparse,512,512,512,2,427.139271,0.628449,64,128,256,16,8
samsung-a52,01-naive,random_sparse,512,512,512,3,424.409322,0.632492,64,128,256,16,8
samsung-a52,01-naive,random_sparse,512,512,512,4,424.232865,0.632755,64,128,256,16,8
samsung-a52,01-naive,random_sparse,512,512,512,5,425.327344,0.631127,64,128,256,16,8
samsung-a52,01-naive,random_sparse,512,512,512,6,424.509687,0.632342,64,128,256,16,8
samsung-a52,01-naive,random_sparse,512,512,512,7,431.002031,0.622817,64,128,256,16,8
samsung-a52,01-naive,random_sparse,512,512,512,8,425.990886,0.630144,64,128,256,16,8
samsung-a52,01-naive,random_sparse,512,512,512,9,424.844270,0.631844,64,128,256,16,8
samsung-a52,01-naive,random_sparse,512,512,512,10,424.808386,0.631898,64,128,256,16,8
samsung-a52,01-naive,random_sparse,512,512,512,11,424.438020,0.632449,64,128,256,16,8
samsung-a52,01-naive,random_sparse,512,512,512,12,424.406197,0.632497,64,128,256,16,8
samsung-a52,01-naive,random_sparse,512,512,512,13,426.024948,0.630093,64,128,256,16,8
samsung-a52,01-naive,random_sparse,512,512,512,14,424.447239,0.632435,64,128,256,16,8
samsung-a52,01-naive,random_sparse,512,512,512,15,425.512083,0.630853,64,128,256,16,8
samsung-a52,01-naive,random_sparse,512,512,512,16,424.082031,0.632980,64,128,256,16,8
samsung-a52,01-naive,random_sparse,512,512,512,17,424.506875,0.632347,64,128,256,16,8
samsung-a52,01-naive,random_sparse,512,512,512,18,424.531042,0.632311,64,128,256,16,8
samsung-a52,01-naive,random_sparse,512,512,512,19,424.543698,0.632292,64,128,256,16,8
samsung-a52,01-naive,random_sparse,512,512,512,20,424.349271,0.632581,64,128,256,16,8
samsung-a52,01-naive,random_sparse,512,512,512,21,424.230469,0.632759,64,128,256,16,8
samsung-a52,01-naive,random_sparse,512,512,512,22,424.414687,0.632484,64,128,256,16,8
samsung-a52,01-naive,random_sparse,512,512,512,23,424.773333,0.631950,64,128,256,16,8
samsung-a52,01-naive,random_sparse,512,512,512,24,424.746771,0.631989,64,128,256,16,8
samsung-a52,01-naive,random_sparse,512,512,512,25,424.508333,0.632344,64,128,256,16,8
samsung-a52,01-naive,random_sparse,512,512,512,26,424.225364,0.632766,64,128,256,16,8
samsung-a52,01-naive,random_sparse,512,512,512,27,424.577083,0.632242,64,128,256,16,8
samsung-a52,01-naive,random_sparse,512,512,512,28,424.213698,0.632784,64,128,256,16,8
samsung-a52,01-naive,random_sparse,512,512,512,29,425.096093,0.631470,64,128,256,16,8
samsung-a52,01-naive,random_sparse,512,512,512,30,426.224635,0.629798,64,128,256,16,8
samsung-a52,01-naive,dense_no_zero,512,512,512,1,424.502188,0.632354,64,128,256,16,8
samsung-a52,01-naive,dense_no_zero,512,512,512,2,424.231093,0.632758,64,128,256,16,8
samsung-a52,01-naive,dense_no_zero,512,512,512,3,424.277291,0.632689,64,128,256,16,8
samsung-a52,01-naive,dense_no_zero,512,512,512,4,424.454479,0.632425,64,128,256,16,8
samsung-a52,01-naive,dense_no_zero,512,512,512,5,424.301927,0.632652,64,128,256,16,8
samsung-a52,01-naive,dense_no_zero,512,512,512,6,424.814375,0.631889,64,128,256,16,8
samsung-a52,01-naive,dense_no_zero,512,512,512,7,424.447864,0.632434,64,128,256,16,8
samsung-a52,01-naive,dense_no_zero,512,512,512,8,424.283541,0.632679,64,128,256,16,8
samsung-a52,01-naive,dense_no_zero,512,512,512,9,424.362917,0.632561,64,128,256,16,8
samsung-a52,01-naive,dense_no_zero,512,512,512,10,428.890417,0.625884,64,128,256,16,8
samsung-a52,01-naive,dense_no_zero,512,512,512,11,424.644687,0.632141,64,128,256,16,8
samsung-a52,01-naive,dense_no_zero,512,512,512,12,424.469687,0.632402,64,128,256,16,8
samsung-a52,01-naive,dense_no_zero,512,512,512,13,428.486719,0.626473,64,128,256,16,8
samsung-a52,01-naive,dense_no_zero,512,512,512,14,424.793542,0.631920,64,128,256,16,8
samsung-a52,01-naive,dense_no_zero,512,512,512,15,424.239687,0.632745,64,128,256,16,8
samsung-a52,01-naive,dense_no_zero,512,512,512,16,424.338697,0.632597,64,128,256,16,8
samsung-a52,01-naive,dense_no_zero,512,512,512,17,427.401302,0.628064,64,128,256,16,8
samsung-a52,01-naive,dense_no_zero,512,512,512,18,424.195521,0.632811,64,128,256,16,8
samsung-a52,01-naive,dense_no_zero,512,512,512,19,425.003958,0.631607,64,128,256,16,8
samsung-a52,01-naive,dense_no_zero,512,512,512,20,425.071041,0.631507,64,128,256,16,8
samsung-a52,01-naive,dense_no_zero,512,512,512,21,424.201979,0.632801,64,128,256,16,8
samsung-a52,01-naive,dense_no_zero,512,512,512,22,424.263385,0.632709,64,128,256,16,8
samsung-a52,01-naive,dense_no_zero,512,512,512,23,425.308437,0.631155,64,128,256,16,8
samsung-a52,01-naive,dense_no_zero,512,512,512,24,424.318646,0.632627,64,128,256,16,8
samsung-a52,01-naive,dense_no_zero,512,512,512,25,424.535208,0.632304,64,128,256,16,8
samsung-a52,01-naive,dense_no_zero,512,512,512,26,428.490520,0.626468,64,128,256,16,8
samsung-a52,01-naive,dense_no_zero,512,512,512,27,425.615729,0.630699,64,128,256,16,8
samsung-a52,01-naive,dense_no_zero,512,512,512,28,424.234115,0.632753,64,128,256,16,8
samsung-a52,01-naive,dense_no_zero,512,512,512,29,424.498750,0.632359,64,128,256,16,8
samsung-a52,01-naive,dense_no_zero,512,512,512,30,424.391302,0.632519,64,128,256,16,8
samsung-a52,01-naive,diagonal,512,512,512,1,424.439583,0.632447,64,128,256,16,8
samsung-a52,01-naive,diagonal,512,512,512,2,425.553906,0.630791,64,128,256,16,8
samsung-a52,01-naive,diagonal,512,512,512,3,424.259219,0.632716,64,128,256,16,8
samsung-a52,01-naive,diagonal,512,512,512,4,424.445729,0.632438,64,128,256,16,8
samsung-a52,01-naive,diagonal,512,512,512,5,424.773802,0.631949,64,128,256,16,8
samsung-a52,01-naive,diagonal,512,512,512,6,424.729532,0.632015,64,128,256,16,8
samsung-a52,01-naive,diagonal,512,512,512,7,424.428958,0.632463,64,128,256,16,8
samsung-a52,01-naive,diagonal,512,512,512,8,424.680885,0.632087,64,128,256,16,8
samsung-a52,01-naive,diagonal,512,512,512,9,427.693281,0.627635,64,128,256,16,8
samsung-a52,01-naive,diagonal,512,512,512,10,425.505938,0.630862,64,128,256,16,8
samsung-a52,01-naive,diagonal,512,512,512,11,424.436563,0.632451,64,128,256,16,8
samsung-a52,01-naive,diagonal,512,512,512,12,424.532760,0.632308,64,128,256,16,8
samsung-a52,01-naive,diagonal,512,512,512,13,425.218020,0.631289,64,128,256,16,8
samsung-a52,01-naive,diagonal,512,512,512,14,426.221771,0.629802,64,128,256,16,8
samsung-a52,01-naive,diagonal,512,512,512,15,426.813073,0.628930,64,128,256,16,8
samsung-a52,01-naive,diagonal,512,512,512,16,425.178385,0.631348,64,128,256,16,8
samsung-a52,01-naive,diagonal,512,512,512,17,424.283698,0.632679,64,128,256,16,8
samsung-a52,01-naive,diagonal,512,512,512,18,424.278958,0.632686,64,128,256,16,8
samsung-a52,01-naive,diagonal,512,512,512,19,426.461198,0.629449,64,128,256,16,8
samsung-a52,01-naive,diagonal,512,512,512,20,425.957135,0.630194,64,128,256,16,8
samsung-a52,01-naive,diagonal,512,512,512,21,428.611406,0.626291,64,128,256,16,8
samsung-a52,01-naive,diagonal,512,512,512,22,424.626354,0.632169,64,128,256,16,8
samsung-a52,01-naive,diagonal,512,512,512,23,425.129896,0.631420,64,128,256,16,8
samsung-a52,01-naive,diagonal,512,512,512,24,424.934895,0.631710,64,128,256,16,8
samsung-a52,01-naive,diagonal,512,512,512,25,424.603281,0.632203,64,128,256,16,8
samsung-a52,01-naive,diagonal,512,512,512,26,424.416406,0.632481,64,128,256,16,8
samsung-a52,01-naive,diagonal,512,512,512,27,424.886146,0.631782,64,128,256,16,8
samsung-a52,01-naive,diagonal,512,512,512,28,425.132708,0.631416,64,128,256,16,8
samsung-a52,01-naive,diagonal,512,512,512,29,425.186406,0.631336,64,128,256,16,8
samsung-a52,01-naive,diagonal,512,512,512,30,427.237239,0.628305,64,128,256,16,8
samsung-a52,01-naive,banded,512,512,512,1,423.985833,0.633124,64,128,256,16,8
samsung-a52,01-naive,banded,512,512,512,2,425.961093,0.630188,64,128,256,16,8
samsung-a52,01-naive,banded,512,512,512,3,424.786562,0.631930,64,128,256,16,8
samsung-a52,01-naive,banded,512,512,512,4,424.240833,0.632743,64,128,256,16,8
samsung-a52,01-naive,banded,512,512,512,5,424.288438,0.632672,64,128,256,16,8
samsung-a52,01-naive,banded,512,512,512,6,427.558437,0.627833,64,128,256,16,8
samsung-a52,01-naive,banded,512,512,512,7,424.447239,0.632435,64,128,256,16,8
samsung-a52,01-naive,banded,512,512,512,8,425.601667,0.630720,64,128,256,16,8
samsung-a52,01-naive,banded,512,512,512,9,424.277864,0.632688,64,128,256,16,8
samsung-a52,01-naive,banded,512,512,512,10,426.756562,0.629013,64,128,256,16,8
samsung-a52,01-naive,banded,512,512,512,11,424.290417,0.632669,64,128,256,16,8
samsung-a52,01-naive,banded,512,512,512,12,426.556666,0.629308,64,128,256,16,8
samsung-a52,01-naive,banded,512,512,512,13,433.620156,0.619057,64,128,256,16,8
samsung-a52,01-naive,banded,512,512,512,14,424.828854,0.631867,64,128,256,16,8
samsung-a52,01-naive,banded,512,512,512,15,425.336667,0.631113,64,128,256,16,8
samsung-a52,01-naive,banded,512,512,512,16,424.189739,0.632819,64,128,256,16,8
samsung-a52,01-naive,banded,512,512,512,17,426.996197,0.628660,64,128,256,16,8
samsung-a52,01-naive,banded,512,512,512,18,424.172500,0.632845,64,128,256,16,8
samsung-a52,01-naive,banded,512,512,512,19,424.471041,0.632400,64,128,256,16,8
samsung-a52,01-naive,banded,512,512,512,20,425.940104,0.630219,64,128,256,16,8
samsung-a52,01-naive,banded,512,512,512,21,427.681093,0.627653,64,128,256,16,8
samsung-a52,01-naive,banded,512,512,512,22,425.683489,0.630599,64,128,256,16,8
samsung-a52,01-naive,banded,512,512,512,23,424.484688,0.632380,64,128,256,16,8
samsung-a52,01-naive,banded,512,512,512,24,427.940729,0.627273,64,128,256,16,8
samsung-a52,01-naive,banded,512,512,512,25,429.892187,0.624425,64,128,256,16,8
samsung-a52,01-naive,banded,512,512,512,26,426.337969,0.629631,64,128,256,16,8
samsung-a52,01-naive,banded,512,512,512,27,424.580469,0.632237,64,128,256,16,8
samsung-a52,01-naive,banded,512,512,512,28,426.868750,0.628848,64,128,256,16,8
samsung-a52,01-naive,banded,512,512,512,29,428.181250,0.626920,64,128,256,16,8
samsung-a52,01-naive,banded,512,512,512,30,427.828802,0.627437,64,128,256,16,8
samsung-a52,01-naive,block_sparse,512,512,512,1,424.443073,0.632442,64,128,256,16,8
samsung-a52,01-naive,block_sparse,512,512,512,2,424.608281,0.632196,64,128,256,16,8
samsung-a52,01-naive,block_sparse,512,512,512,3,424.270834,0.632698,64,128,256,16,8
samsung-a52,01-naive,block_sparse,512,512,512,4,424.354010,0.632574,64,128,256,16,8
samsung-a52,01-naive,block_sparse,512,512,512,5,424.144010,0.632888,64,128,256,16,8
samsung-a52,01-naive,block_sparse,512,512,512,6,424.603020,0.632203,64,128,256,16,8
samsung-a52,01-naive,block_sparse,512,512,512,7,424.141719,0.632891,64,128,256,16,8
samsung-a52,01-naive,block_sparse,512,512,512,8,429.412917,0.625122,64,128,256,16,8
samsung-a52,01-naive,block_sparse,512,512,512,9,424.279270,0.632686,64,128,256,16,8
samsung-a52,01-naive,block_sparse,512,512,512,10,425.547187,0.630801,64,128,256,16,8
samsung-a52,01-naive,block_sparse,512,512,512,11,424.496093,0.632363,64,128,256,16,8
samsung-a52,01-naive,block_sparse,512,512,512,12,424.316406,0.632630,64,128,256,16,8
samsung-a52,01-naive,block_sparse,512,512,512,13,424.328854,0.632612,64,128,256,16,8
samsung-a52,01-naive,block_sparse,512,512,512,14,424.367604,0.632554,64,128,256,16,8
samsung-a52,01-naive,block_sparse,512,512,512,15,425.646302,0.630654,64,128,256,16,8
samsung-a52,01-naive,block_sparse,512,512,512,16,425.606093,0.630713,64,128,256,16,8
samsung-a52,01-naive,block_sparse,512,512,512,17,424.853020,0.631831,64,128,256,16,8
samsung-a52,01-naive,block_sparse,512,512,512,18,425.002136,0.631610,64,128,256,16,8
samsung-a52,01-naive,block_sparse,512,512,512,19,424.127604,0.632912,64,128,256,16,8
samsung-a52,01-naive,block_sparse,512,512,512,20,424.162552,0.632860,64,128,256,16,8
samsung-a52,01-naive,block_sparse,512,512,512,21,424.018646,0.633075,64,128,256,16,8
samsung-a52,01-naive,block_sparse,512,512,512,22,424.130312,0.632908,64,128,256,16,8
samsung-a52,01-naive,block_sparse,512,512,512,23,425.214531,0.631294,64,128,256,16,8
samsung-a52,01-naive,block_sparse,512,512,512,24,424.949323,0.631688,64,128,256,16,8
samsung-a52,01-naive,block_sparse,512,512,512,25,424.269427,0.632700,64,128,256,16,8
samsung-a52,01-naive,block_sparse,512,512,512,26,425.578438,0.630754,64,128,256,16,8
samsung-a52,01-naive,block_sparse,512,512,512,27,424.881458,0.631789,64,128,256,16,8
samsung-a52,01-naive,block_sparse,512,512,512,28,426.132604,0.629934,64,128,256,16,8
samsung-a52,01-naive,block_sparse,512,512,512,29,424.166041,0.632855,64,128,256,16,8
samsung-a52,01-naive,block_sparse,512,512,512,30,424.182761,0.632830,64,128,256,16,8
